student_id,gender,study_time_hours,attendance_percent,sleep_hours,parental_education,internet_access,extracurricular_activities,part_time_job,previous_grade,final_exam_score,final_grade,final_marks,Performance
1,Male,4.0,98.0,6.5,Bachelors,Yes,Yes,No,76.9,100.0,A,78,Excellent
2,Female,6.3,100.0,5.7,High School,Yes,Yes,Yes,75.5,100.0,A,91,Excellent
3,Male,4.9,85.3,7.9,Bachelors,Yes,No,Yes,88.5,97.3,A,68,Good
4,Male,2.6,77.5,8.0,,Yes,Yes,No,85.1,83.8,B,54,Average
5,Male,2.2,89.6,4.6,Bachelors,Yes,No,Yes,61.8,68.3,D,82,Excellent
6,Female,4.2,78.2,5.7,High School,Yes,No,No,79.8,81.6,B,47,Average
7,Male,1.5,100.0,5.0,High School,Yes,Yes,Yes,58.6,69.6,D,100,Excellent
8,Male,6.2,86.4,6.0,High School,Yes,Yes,No,78.4,88.0,B,60,Average
9,Male,5.3,81.3,6.7,Bachelors,Yes,No,No,63.8,84.4,B,78,Excellent
10,Female,2.8,86.8,5.1,Bachelors,Yes,Yes,No,57.7,74.3,C,97,Excellent
11,Male,0.9,71.5,5.7,High School,Yes,No,Yes,73.4,68.9,D,58,Average
12,Male,5.5,75.3,5.6,,Yes,Yes,No,37.9,76.7,C,62,Good
13,Male,3.3,97.0,7.0,Masters,Yes,Yes,Yes,49.0,82.6,B,50,Average
14,Male,5.4,78.4,6.9,Bachelors,No,No,No,67.9,93.3,A,50,Average
15,Female,1.1,74.5,5.9,Masters,Yes,Yes,Yes,71.0,73.9,C,63,Good
16,Male,2.6,90.4,7.0,High School,Yes,Yes,No,65.6,84.8,B,92,Excellent
17,Female,3.5,96.9,6.1,Bachelors,Yes,Yes,No,51.0,81.5,B,75,Good
18,Female,3.6,92.2,6.5,Bachelors,Yes,Yes,Yes,60.2,75.5,C,79,Excellent
19,Female,2.8,95.0,8.8,Masters,No,Yes,No,74.7,89.7,B,63,Good
20,Male,4.4,77.4,8.4,Masters,No,No,Yes,77.0,92.8,A,42,Average
21,Female,1.9,70.8,5.2,High School,Yes,Yes,No,69.8,73.5,C,61,Good
22,Male,3.3,100.0,7.8,,Yes,Yes,No,83.9,100.0,A,92,Excellent
23,Female,3.7,81.8,7.8,High School,No,No,No,74.8,73.4,C,41,Average
24,Female,4.3,82.5,5.4,PhD,No,Yes,No,61.0,71.2,C,63,Good
25,Female,4.6,98.3,7.8,,Yes,Yes,Yes,66.6,97.2,A,83,Excellent
26,Female,1.8,90.6,8.6,High School,Yes,No,No,53.2,76.0,C,69,Good
27,Female,1.2,89.6,5.5,Masters,Yes,No,Yes,68.7,78.7,C,77,Excellent
28,Female,5.4,100.0,5.7,High School,No,No,No,83.3,97.4,A,41,Average
29,Female,4.0,78.6,8.0,Bachelors,Yes,No,No,78.2,84.2,B,99,Excellent
30,Female,2.4,94.3,7.1,Bachelors,Yes,Yes,No,86.8,89.8,B,60,Average
31,Male,5.8,85.6,7.5,Bachelors,Yes,No,Yes,66.4,82.4,B,72,Good
32,Male,3.7,87.7,7.2,,Yes,Yes,No,86.2,87.7,B,51,Average
33,Female,5.3,100.0,7.3,Masters,Yes,Yes,No,67.7,100.0,A,97,Excellent
34,Female,3.6,90.1,5.2,Bachelors,No,Yes,No,87.7,93.3,A,61,Good
35,Female,6.6,90.4,8.1,Masters,Yes,Yes,Yes,69.7,100.0,A,100,Excellent
36,Male,6.1,95.7,8.2,,Yes,Yes,Yes,78.5,92.9,A,83,Excellent
37,Female,3.1,81.4,6.5,High School,Yes,No,Yes,87.7,83.2,B,64,Good
38,Male,5.0,76.6,6.7,,Yes,Yes,No,67.7,81.1,B,88,Excellent
39,Male,4.5,74.6,5.0,High School,Yes,Yes,Yes,72.6,89.5,B,66,Good
40,Male,5.6,65.3,7.4,Masters,Yes,Yes,No,85.5,91.6,A,98,Excellent
41,Male,2.1,100.0,7.5,High School,Yes,Yes,Yes,68.4,75.3,C,81,Excellent
42,Male,4.5,74.0,6.7,High School,Yes,No,No,54.1,79.0,C,67,Good
43,Female,5.1,82.8,8.1,Bachelors,Yes,Yes,No,95.7,100.0,A,99,Excellent
44,Female,0.9,82.2,6.4,Bachelors,Yes,Yes,No,64.4,79.2,C,55,Average
45,Female,1.7,88.1,7.5,Bachelors,No,Yes,No,71.9,70.8,C,54,Average
46,Female,0.5,93.2,5.6,High School,No,No,Yes,83.9,61.8,D,86,Excellent
47,Female,3.1,93.6,6.8,Bachelors,Yes,Yes,Yes,62.7,68.0,D,90,Excellent
48,Male,4.6,79.2,6.6,,Yes,Yes,Yes,57.9,80.3,B,83,Excellent
49,Female,5.8,83.3,7.1,Bachelors,No,Yes,No,73.0,88.6,B,94,Excellent
50,Female,3.6,87.8,6.4,High School,Yes,Yes,No,48.5,69.4,D,91,Excellent
51,Male,5.9,82.5,6.6,Bachelors,Yes,Yes,No,66.5,100.0,A,96,Excellent
52,Female,1.4,100.0,7.8,High School,No,No,No,72.9,81.8,B,42,Average
53,Male,0.9,89.9,6.3,Masters,Yes,No,No,66.8,72.6,C,76,Excellent
54,Female,3.4,92.3,4.9,Masters,Yes,No,No,51.5,85.3,B,90,Excellent
55,Male,4.1,91.6,8.9,Bachelors,No,Yes,No,89.1,99.8,A,46,Average
56,Female,3.5,96.7,8.5,Bachelors,Yes,Yes,Yes,71.2,84.3,B,60,Average
57,Female,0.5,86.8,5.2,Masters,Yes,Yes,No,87.2,71.5,C,48,Average
58,Male,3.4,72.0,7.6,Bachelors,Yes,No,No,66.9,84.3,B,78,Excellent
59,Male,1.5,89.0,6.2,Masters,Yes,No,No,59.4,74.5,C,57,Average
60,Male,4.5,78.5,7.1,Bachelors,Yes,No,No,73.2,89.5,B,43,Average
61,Male,4.0,79.7,7.2,Masters,Yes,Yes,No,67.4,80.4,B,64,Good
62,Male,2.1,90.9,6.5,Bachelors,No,Yes,Yes,55.9,71.1,C,99,Excellent
63,Male,2.7,97.4,5.9,Bachelors,Yes,Yes,No,87.6,87.8,B,53,Average
64,Male,1.9,85.2,6.0,,Yes,No,No,62.5,73.0,C,89,Excellent
65,Male,3.4,88.1,5.7,Bachelors,Yes,No,Yes,47.9,80.8,B,97,Excellent
66,Female,4.9,100.0,5.8,Bachelors,Yes,No,No,85.9,97.4,A,48,Average
67,Female,2.0,87.4,6.7,High School,Yes,Yes,No,63.9,67.8,D,65,Good
68,Male,4.3,100.0,5.9,Bachelors,No,Yes,No,62.7,79.2,C,92,Excellent
69,Female,2.7,90.7,7.6,Bachelors,No,No,Yes,48.8,73.5,C,41,Average
70,Female,2.3,67.4,8.6,High School,Yes,No,No,90.9,85.1,B,59,Average
71,Female,3.3,92.5,6.1,High School,Yes,Yes,No,54.5,79.6,C,67,Good
72,Female,1.9,88.8,7.1,Bachelors,Yes,Yes,No,70.7,77.4,C,86,Excellent
73,Male,2.7,97.9,7.4,Masters,Yes,Yes,No,81.0,94.6,A,99,Excellent
74,Female,1.7,91.7,7.4,Bachelors,Yes,Yes,No,75.1,77.6,C,46,Average
75,Male,6.4,83.6,6.9,High School,Yes,Yes,No,69.3,99.9,A,83,Excellent
76,Female,3.6,72.8,7.7,Masters,No,No,No,49.6,64.4,D,100,Excellent
77,Female,2.5,82.9,7.4,High School,Yes,Yes,No,60.3,71.9,C,47,Average
78,Female,3.8,76.5,5.3,Bachelors,Yes,Yes,No,72.3,79.3,C,86,Excellent
79,Male,3.3,79.2,7.8,High School,Yes,Yes,Yes,60.6,74.9,C,74,Good
80,Female,3.2,90.9,7.9,High School,Yes,No,No,72.4,87.4,B,53,Average
81,Male,4.4,100.0,5.9,High School,Yes,No,No,78.2,97.6,A,56,Average
82,Female,4.6,88.9,6.8,Bachelors,Yes,Yes,No,81.6,74.5,C,75,Good
83,Male,2.7,73.0,7.6,High School,Yes,No,Yes,55.3,64.1,D,89,Excellent
84,Female,2.6,89.4,6.5,Bachelors,Yes,No,No,96.4,90.0,A,79,Excellent
85,Male,3.1,97.0,8.1,Bachelors,Yes,Yes,Yes,79.2,99.3,A,43,Average
86,Male,0.5,78.9,9.6,Bachelors,Yes,Yes,Yes,70.0,63.9,D,41,Average
87,Female,1.2,83.7,5.9,Bachelors,Yes,No,No,83.1,79.0,C,45,Average
88,Male,5.6,85.1,5.1,Masters,Yes,No,No,98.4,100.0,A,93,Excellent
89,Female,6.0,77.2,7.2,High School,Yes,No,No,52.7,78.9,C,81,Excellent
90,Female,3.1,91.5,7.7,Bachelors,Yes,No,Yes,67.3,84.5,B,43,Average
91,Female,4.4,83.8,6.5,High School,Yes,No,No,41.5,71.7,C,93,Excellent
92,Female,4.0,89.2,8.5,High School,Yes,Yes,Yes,72.3,86.3,B,68,Good
93,Female,8.1,76.1,5.2,Bachelors,Yes,Yes,No,74.4,98.3,A,57,Average
94,Female,5.2,80.6,7.6,Bachelors,Yes,Yes,No,69.5,88.1,B,65,Good
95,Female,3.3,92.2,6.1,PhD,Yes,Yes,No,62.1,99.6,A,83,Excellent
96,Female,2.1,81.3,8.9,Bachelors,Yes,No,No,45.4,74.8,C,73,Good
97,Female,1.1,100.0,9.2,,Yes,No,Yes,74.5,87.4,B,49,Average
98,Female,3.8,81.0,5.9,High School,No,No,No,87.5,88.5,B,75,Good
99,Female,2.4,87.2,6.1,High School,Yes,Yes,Yes,62.9,65.2,D,53,Average
100,Male,1.4,94.3,7.8,High School,No,No,No,75.3,79.2,C,70,Good
101,Male,2.5,70.8,6.3,High School,Yes,Yes,No,51.2,74.5,C,87,Excellent
102,Female,1.9,67.4,6.7,Bachelors,Yes,Yes,Yes,75.5,66.3,D,54,Average
103,Female,6.0,69.7,6.8,Bachelors,No,No,No,65.3,89.5,B,47,Average
104,Female,4.8,97.6,4.5,High School,Yes,No,No,60.9,92.7,A,53,Average
105,Female,3.5,79.5,6.8,,Yes,No,Yes,60.9,87.2,B,62,Good
106,Female,5.7,100.0,6.0,Masters,Yes,Yes,Yes,65.3,92.5,A,99,Excellent
107,Female,3.6,79.4,6.2,High School,Yes,Yes,Yes,74.6,75.7,C,96,Excellent
108,Female,2.2,86.8,8.5,High School,Yes,Yes,No,54.3,74.0,C,79,Excellent
109,Female,5.8,100.0,5.3,High School,Yes,Yes,No,65.2,100.0,A,60,Average
110,Male,4.3,100.0,7.8,High School,No,No,Yes,69.5,75.5,C,55,Average
111,Female,1.9,100.0,6.5,High School,Yes,No,Yes,56.8,61.7,D,84,Excellent
112,Male,3.2,97.1,6.5,Bachelors,No,No,No,91.6,91.4,A,57,Average
113,Female,2.2,95.2,7.7,High School,No,Yes,No,59.8,72.7,C,86,Excellent
114,Female,1.4,90.9,7.2,Bachelors,Yes,No,No,62.0,74.6,C,92,Excellent
115,Male,4.9,92.8,7.5,,Yes,Yes,No,58.3,96.5,A,63,Good
116,Female,6.4,79.5,8.0,Masters,No,No,Yes,91.6,94.5,A,65,Good
117,Male,1.4,76.8,6.4,,No,Yes,No,76.6,59.3,F,64,Good
118,Female,4.3,85.0,6.1,High School,Yes,Yes,No,58.8,96.2,A,99,Excellent
119,Female,2.5,83.3,5.5,Bachelors,Yes,Yes,Yes,83.3,75.3,C,99,Excellent
120,Male,2.8,80.5,5.8,Bachelors,Yes,No,No,72.4,73.3,C,99,Excellent
121,Female,2.6,92.0,10.0,High School,Yes,Yes,No,73.1,95.8,A,84,Excellent
122,Male,2.2,94.6,8.3,High School,Yes,Yes,No,65.9,81.0,B,80,Excellent
123,Female,3.6,85.9,5.2,Masters,Yes,No,Yes,61.0,76.5,C,68,Good
124,Male,2.3,99.8,5.2,Bachelors,Yes,Yes,No,74.1,88.1,B,54,Average
125,Male,3.9,73.6,7.4,Bachelors,Yes,Yes,No,63.5,88.1,B,84,Excellent
126,Female,3.4,83.1,7.5,Bachelors,Yes,Yes,No,91.8,92.1,A,40,Fail
127,Female,3.1,77.8,7.5,Bachelors,Yes,Yes,No,54.8,85.2,B,64,Good
128,Male,2.1,66.3,6.5,High School,Yes,No,Yes,88.4,63.0,D,46,Average
129,Female,2.6,84.2,6.6,High School,Yes,No,Yes,68.7,81.1,B,48,Average
130,Female,4.6,83.8,7.2,High School,Yes,Yes,No,73.6,87.1,B,63,Good
131,Female,4.3,100.0,6.9,High School,Yes,No,Yes,80.0,100.0,A,40,Fail
132,Male,2.0,91.3,4.1,,Yes,Yes,No,62.4,75.7,C,83,Excellent
133,Male,3.6,74.8,6.5,Bachelors,No,Yes,No,80.4,77.3,C,47,Average
134,Male,4.6,100.0,5.8,Masters,Yes,Yes,No,37.5,85.6,B,63,Good
135,Male,1.0,97.2,7.0,High School,Yes,Yes,No,61.4,80.8,B,50,Average
136,Male,4.3,90.8,10.0,Bachelors,Yes,Yes,No,58.9,94.5,A,90,Excellent
137,Male,2.5,82.7,7.2,High School,No,No,Yes,55.0,59.7,F,56,Average
138,Male,4.4,75.4,6.4,High School,Yes,No,No,67.4,80.9,B,47,Average
139,Male,2.4,81.3,7.9,High School,Yes,Yes,No,74.6,82.6,B,74,Good
140,Male,0.8,95.9,7.4,Masters,Yes,No,No,78.4,80.2,B,74,Good
141,Female,1.1,100.0,7.3,Masters,Yes,No,Yes,72.9,82.4,B,72,Good
142,Male,3.6,100.0,7.5,Bachelors,Yes,No,No,62.0,75.9,C,98,Excellent
143,Female,3.9,80.1,9.3,Bachelors,Yes,No,Yes,74.4,88.5,B,44,Average
144,Female,2.1,73.8,5.4,,Yes,Yes,Yes,71.5,69.6,D,81,Excellent
145,Female,4.5,86.4,7.4,High School,Yes,No,Yes,81.2,86.8,B,78,Excellent
146,Male,1.0,67.3,5.7,High School,Yes,No,No,79.3,65.2,D,97,Excellent
147,Male,3.4,88.2,7.5,High School,Yes,No,Yes,70.4,82.0,B,80,Excellent
148,Male,1.7,83.5,5.7,Masters,Yes,Yes,Yes,59.2,46.8,F,67,Good
149,Male,2.5,80.3,6.3,,Yes,Yes,Yes,62.2,68.6,D,46,Average
150,Female,3.6,69.1,6.4,High School,Yes,Yes,Yes,63.4,69.2,D,48,Average
151,Male,2.2,90.1,8.0,PhD,Yes,Yes,No,66.2,84.7,B,47,Average
152,Male,2.9,79.7,7.9,Masters,Yes,Yes,Yes,73.2,75.9,C,51,Average
153,Male,5.0,73.3,5.3,High School,Yes,No,Yes,78.6,84.7,B,73,Good
154,Male,2.6,56.3,6.9,Bachelors,No,Yes,No,69.4,75.7,C,72,Good
155,Male,4.8,84.7,5.9,Bachelors,Yes,No,No,70.2,95.4,A,87,Excellent
156,Female,1.8,100.0,5.3,,Yes,Yes,No,71.7,87.6,B,94,Excellent
157,Male,4.3,100.0,6.5,High School,Yes,No,No,63.8,87.7,B,62,Good
158,Female,5.7,80.4,6.4,Masters,Yes,Yes,Yes,58.9,89.3,B,63,Good
159,Male,0.5,79.0,9.7,High School,Yes,Yes,No,48.9,63.7,D,76,Excellent
160,Female,2.3,89.7,7.3,Masters,Yes,No,Yes,61.7,74.0,C,74,Good
161,Male,4.4,75.0,5.1,Bachelors,Yes,No,No,75.7,87.9,B,83,Excellent
162,Male,3.2,88.0,6.1,Bachelors,Yes,No,No,61.6,76.6,C,79,Excellent
163,Female,4.1,92.7,8.0,Masters,Yes,Yes,Yes,67.1,97.3,A,61,Good
164,Female,2.6,97.3,9.3,Masters,Yes,Yes,No,75.6,90.2,A,66,Good
165,Female,3.6,84.0,4.9,PhD,Yes,No,No,76.2,88.7,B,74,Good
166,Male,3.3,83.0,4.5,High School,Yes,Yes,No,57.0,84.8,B,40,Fail
167,Female,5.3,76.2,9.0,Masters,Yes,No,No,82.0,100.0,A,74,Good
168,Male,3.9,76.7,7.3,High School,Yes,Yes,No,83.5,82.1,B,76,Excellent
169,Male,4.0,82.7,5.8,Bachelors,No,Yes,Yes,56.4,75.1,C,86,Excellent
170,Female,2.9,88.7,7.4,Bachelors,No,Yes,Yes,60.1,78.1,C,53,Average
171,Female,2.8,94.1,3.6,Bachelors,Yes,Yes,No,84.3,92.9,A,42,Average
172,Male,2.9,77.0,6.8,Bachelors,Yes,No,No,68.2,71.8,C,40,Fail
173,Male,4.1,99.9,7.2,,Yes,No,No,43.4,78.5,C,44,Average
174,Female,2.9,82.3,7.9,High School,Yes,Yes,No,53.2,82.6,B,65,Good
175,Female,3.9,84.8,5.6,Masters,Yes,No,No,67.0,79.2,C,94,Excellent
176,Female,6.6,77.5,6.9,Bachelors,Yes,Yes,No,56.0,89.7,B,53,Average
177,Male,4.8,60.8,5.7,High School,Yes,Yes,No,65.0,89.2,B,78,Excellent
178,Male,3.0,93.8,7.1,High School,No,Yes,No,70.4,81.7,B,66,Good
179,Male,5.3,92.4,5.7,,Yes,No,No,87.5,96.7,A,48,Average
180,Male,2.9,82.2,6.3,PhD,Yes,No,No,66.5,73.7,C,54,Average
181,Male,0.5,85.7,5.6,,Yes,No,No,82.9,77.1,C,54,Average
182,Male,2.0,90.2,7.6,,Yes,No,Yes,87.1,76.5,C,65,Good
183,Female,0.7,69.4,7.8,High School,Yes,No,No,87.2,73.2,C,81,Excellent
184,Male,3.0,79.7,6.5,Bachelors,Yes,No,No,73.4,83.6,B,99,Excellent
185,Male,3.5,92.9,6.8,Masters,Yes,No,No,46.4,85.8,B,52,Average
186,Male,6.0,72.5,5.1,Bachelors,Yes,No,No,75.5,95.7,A,90,Excellent
187,Female,4.0,87.9,6.4,Bachelors,Yes,Yes,No,82.6,89.2,B,71,Good
188,Male,3.2,71.4,6.7,Bachelors,Yes,Yes,Yes,69.0,83.1,B,78,Excellent
189,Male,4.7,89.7,9.9,Bachelors,Yes,Yes,No,90.9,100.0,A,88,Excellent
190,Female,0.5,84.6,5.5,Bachelors,Yes,Yes,No,80.3,67.2,D,91,Excellent
191,Male,3.9,68.8,8.6,High School,Yes,No,No,76.8,84.6,B,100,Excellent
192,Male,4.7,96.6,8.0,Bachelors,Yes,Yes,Yes,83.0,100.0,A,71,Good
193,Male,1.3,77.7,7.1,Bachelors,Yes,No,No,74.0,75.2,C,43,Average
194,Male,5.2,76.9,8.9,Bachelors,Yes,Yes,No,40.1,81.1,B,69,Good
195,Male,4.0,87.0,7.2,High School,Yes,Yes,No,64.0,96.5,A,76,Excellent
196,Female,2.9,96.5,7.3,Masters,No,Yes,No,84.4,79.8,C,62,Good
197,Female,4.4,74.8,6.7,High School,Yes,No,No,60.3,73.4,C,78,Excellent
198,Female,6.9,85.6,8.3,Bachelors,Yes,Yes,No,67.3,92.2,A,84,Excellent
199,Male,3.8,89.3,8.1,Masters,Yes,Yes,No,57.5,87.3,B,54,Average
200,Male,3.9,91.9,6.0,Bachelors,No,No,No,91.4,92.5,A,82,Excellent
201,Male,2.8,86.8,5.2,High School,Yes,No,Yes,90.2,94.6,A,68,Good
202,Female,2.2,81.3,6.6,Masters,Yes,Yes,No,59.4,75.5,C,75,Good
203,Male,4.7,76.7,5.8,Bachelors,Yes,Yes,No,71.8,85.3,B,52,Average
204,Male,2.2,85.9,6.7,Masters,Yes,Yes,No,61.8,76.7,C,71,Good
205,Female,3.6,74.3,8.3,Masters,Yes,No,No,77.4,86.8,B,46,Average
206,Male,2.8,55.8,6.3,Bachelors,Yes,Yes,Yes,76.1,61.1,D,98,Excellent
207,Female,4.2,89.4,6.7,Bachelors,Yes,Yes,Yes,79.7,100.0,A,90,Excellent
208,Female,4.0,94.0,6.9,High School,No,Yes,No,74.0,90.9,A,61,Good
209,Female,5.1,61.4,7.8,High School,Yes,Yes,Yes,100.0,96.1,A,67,Good
210,Male,2.7,74.9,4.1,Bachelors,Yes,No,No,57.7,73.1,C,41,Average
211,Male,3.1,91.2,6.1,Bachelors,Yes,Yes,No,49.5,81.2,B,81,Excellent
212,Male,2.0,100.0,7.1,Bachelors,Yes,Yes,No,65.3,81.8,B,84,Excellent
213,Male,2.8,85.2,8.2,High School,Yes,Yes,Yes,51.2,70.0,C,96,Excellent
214,Male,4.1,77.7,6.2,High School,Yes,Yes,Yes,52.1,78.5,C,92,Excellent
215,Male,4.6,83.2,4.5,Bachelors,Yes,Yes,No,58.0,84.7,B,45,Average
216,Male,2.1,98.7,7.5,High School,Yes,No,No,58.9,74.7,C,67,Good
217,Female,4.8,78.5,6.0,Masters,Yes,No,No,58.5,91.2,A,67,Good
218,Male,5.5,77.0,5.4,High School,Yes,No,No,76.2,93.4,A,83,Excellent
219,Female,4.1,80.2,6.1,Bachelors,Yes,No,No,63.9,86.8,B,83,Excellent
220,Male,6.3,75.5,6.6,,Yes,No,No,67.8,100.0,A,59,Average
221,Male,2.3,86.2,6.1,High School,Yes,Yes,No,80.7,84.3,B,69,Good
222,Male,1.6,100.0,4.2,Bachelors,No,No,No,60.8,71.5,C,50,Average
223,Female,0.8,88.2,7.9,High School,No,No,Yes,66.8,70.5,C,97,Excellent
224,Female,5.7,82.5,8.3,Bachelors,Yes,No,Yes,74.4,89.9,B,94,Excellent
225,Female,4.5,82.1,7.6,Bachelors,Yes,Yes,No,46.7,81.1,B,67,Good
226,Female,3.4,69.4,5.4,Bachelors,Yes,Yes,No,41.4,67.4,D,64,Good
227,Male,3.9,93.8,6.6,Bachelors,Yes,No,Yes,74.2,82.2,B,78,Excellent
228,Female,1.8,84.2,6.8,PhD,Yes,No,Yes,75.9,90.0,A,72,Good
229,Male,7.2,83.2,7.5,High School,Yes,No,No,94.8,100.0,A,40,Fail
230,Male,3.7,100.0,7.6,High School,Yes,Yes,Yes,71.9,82.7,B,96,Excellent
231,Female,3.7,88.0,5.9,PhD,Yes,Yes,No,79.8,98.3,A,66,Good
232,Female,4.6,77.5,6.9,Bachelors,Yes,Yes,No,67.7,91.5,A,96,Excellent
233,Female,4.2,80.7,7.3,PhD,Yes,No,No,73.6,82.2,B,91,Excellent
234,Female,3.8,96.5,8.5,Bachelors,Yes,Yes,No,90.0,100.0,A,52,Average
235,Female,2.3,86.1,7.6,Masters,Yes,Yes,No,44.5,80.2,B,80,Excellent
236,Female,4.2,70.6,7.7,Bachelors,Yes,No,No,75.0,85.7,B,42,Average
237,Female,6.3,94.2,6.9,Masters,Yes,Yes,No,95.6,100.0,A,78,Excellent
238,Female,5.5,78.3,8.5,,Yes,No,No,73.4,84.4,B,45,Average
239,Male,5.9,100.0,7.3,Bachelors,Yes,Yes,No,89.8,100.0,A,47,Average
240,Female,2.7,95.8,5.8,High School,Yes,No,Yes,62.4,84.6,B,66,Good
241,Female,2.0,80.5,8.5,High School,Yes,No,Yes,69.6,80.6,B,48,Average
242,Male,3.3,97.8,7.6,High School,Yes,No,Yes,70.4,85.1,B,76,Excellent
243,Female,3.6,85.7,6.3,High School,Yes,No,Yes,43.4,69.4,D,72,Good
244,Male,5.1,93.5,6.2,High School,Yes,Yes,No,56.0,92.2,A,90,Excellent
245,Male,1.0,89.8,7.2,Bachelors,Yes,Yes,No,56.8,76.2,C,81,Excellent
246,Female,5.8,76.5,7.4,Bachelors,Yes,Yes,No,79.9,100.0,A,83,Excellent
247,Male,3.3,78.6,7.0,Bachelors,Yes,No,No,80.5,92.2,A,63,Good
248,Male,2.9,95.3,7.2,Bachelors,No,No,No,73.9,76.5,C,54,Average
249,Male,2.0,81.7,8.8,High School,Yes,Yes,No,79.9,82.7,B,98,Excellent
250,Male,1.0,81.0,8.1,High School,Yes,No,No,68.0,67.1,D,93,Excellent
251,Female,4.7,75.4,7.0,High School,Yes,Yes,Yes,84.4,88.4,B,71,Good
252,Male,3.6,89.2,7.9,Bachelors,Yes,No,Yes,70.1,91.0,A,71,Good
253,Female,1.6,100.0,5.6,High School,No,No,No,70.7,75.8,C,63,Good
254,Male,1.6,74.3,7.3,High School,Yes,Yes,No,66.8,88.3,B,80,Excellent
255,Male,3.0,85.2,9.0,Bachelors,Yes,Yes,Yes,78.2,87.6,B,91,Excellent
256,Male,6.0,99.1,6.5,Masters,Yes,Yes,Yes,64.9,96.8,A,88,Excellent
257,Male,3.1,84.2,5.8,High School,Yes,No,No,81.7,86.7,B,88,Excellent
258,Female,1.2,89.5,6.0,Bachelors,Yes,Yes,Yes,56.4,63.7,D,97,Excellent
259,Female,3.1,74.4,5.5,Masters,Yes,Yes,No,56.8,73.0,C,91,Excellent
260,Male,3.1,89.3,5.9,Masters,Yes,Yes,No,78.2,94.3,A,51,Average
261,Male,0.5,83.1,6.4,,Yes,Yes,No,68.9,71.3,C,78,Excellent
262,Female,3.4,94.9,5.1,High School,Yes,Yes,No,64.6,79.7,C,41,Average
263,Male,3.2,96.9,6.8,High School,No,No,No,80.7,81.2,B,42,Average
264,Male,4.5,100.0,7.9,PhD,Yes,Yes,No,62.7,91.1,A,88,Excellent
265,Male,6.3,90.8,5.7,Bachelors,Yes,No,No,67.6,97.5,A,76,Excellent
266,Female,5.2,88.3,8.6,Bachelors,Yes,No,No,86.8,100.0,A,88,Excellent
267,Female,3.1,86.9,7.4,Masters,Yes,Yes,Yes,88.5,81.6,B,95,Excellent
268,Female,1.8,81.5,8.0,Masters,Yes,Yes,No,88.9,83.9,B,56,Average
269,Male,7.4,88.4,6.0,,Yes,No,No,66.6,100.0,A,98,Excellent
270,Male,3.6,82.0,7.8,,Yes,No,No,84.8,80.2,B,88,Excellent
271,Female,3.5,86.7,5.5,Masters,Yes,Yes,No,58.6,75.1,C,41,Average
272,Female,3.5,98.2,7.9,High School,No,Yes,No,59.1,78.2,C,41,Average
273,Female,3.8,74.9,7.0,PhD,Yes,Yes,Yes,41.8,64.7,D,67,Good
274,Female,3.3,96.4,7.5,High School,Yes,No,No,90.1,97.8,A,93,Excellent
275,Male,2.6,98.2,5.4,High School,No,Yes,No,59.6,74.4,C,62,Good
276,Female,2.7,83.8,5.7,PhD,Yes,Yes,No,68.5,76.4,C,76,Excellent
277,Male,3.5,63.8,7.5,High School,Yes,No,No,59.1,76.3,C,71,Good
278,Female,2.7,78.9,5.7,High School,Yes,No,Yes,78.3,88.3,B,72,Good
279,Male,2.4,98.0,7.4,High School,Yes,Yes,No,65.5,94.0,A,40,Fail
280,Female,3.7,84.8,5.2,PhD,No,Yes,Yes,54.3,58.8,F,58,Average
281,Female,3.1,75.0,7.8,Bachelors,No,No,No,75.3,81.1,B,41,Average
282,Female,5.8,80.0,5.3,Masters,Yes,Yes,No,52.8,84.5,B,92,Excellent
283,Female,0.5,93.4,7.5,High School,Yes,Yes,Yes,60.0,69.9,D,83,Excellent
284,Male,5.1,90.5,7.6,Masters,Yes,No,No,44.7,82.2,B,65,Good
285,Female,5.4,82.6,6.0,Masters,Yes,Yes,Yes,52.9,83.3,B,71,Good
286,Male,0.5,81.3,7.5,High School,Yes,No,Yes,72.1,69.5,D,45,Average
287,Male,3.0,81.1,7.1,Bachelors,Yes,No,No,46.4,68.5,D,71,Good
288,Male,2.9,75.8,6.2,High School,No,Yes,No,52.2,61.5,D,94,Excellent
289,Male,1.4,100.0,5.6,,No,Yes,No,70.0,72.3,C,43,Average
290,Female,2.3,81.8,4.4,Bachelors,Yes,No,No,63.5,74.1,C,94,Excellent
291,Male,1.8,97.2,7.2,,Yes,No,No,93.9,94.9,A,50,Average
292,Male,6.1,100.0,4.9,High School,Yes,No,No,92.0,100.0,A,95,Excellent
293,Male,4.9,95.0,6.9,Masters,Yes,No,Yes,59.6,84.5,B,98,Excellent
294,Female,5.4,80.7,6.5,Masters,Yes,Yes,Yes,76.7,93.7,A,56,Average
295,Female,4.6,89.0,7.6,Masters,Yes,No,No,79.0,100.0,A,77,Excellent
296,Female,1.8,84.8,6.4,,Yes,Yes,No,62.8,81.6,B,63,Good
297,Female,2.7,76.0,6.4,Bachelors,Yes,Yes,No,52.1,70.9,C,44,Average
298,Male,4.2,88.2,7.7,High School,Yes,Yes,No,69.9,89.6,B,91,Excellent
299,Male,1.7,73.2,7.2,Masters,No,Yes,No,67.9,69.2,D,73,Good
300,Female,4.6,96.9,7.2,Masters,Yes,No,Yes,64.8,82.3,B,45,Average
301,Male,3.1,80.4,7.4,Bachelors,Yes,Yes,Yes,75.3,80.9,B,61,Good
302,Male,2.9,87.0,5.0,High School,Yes,Yes,No,61.0,82.4,B,50,Average
303,Male,4.6,87.8,7.7,Bachelors,Yes,Yes,No,56.2,91.0,A,87,Excellent
304,Female,4.2,82.4,7.5,High School,No,No,No,71.3,81.6,B,55,Average
305,Female,3.0,90.9,5.6,Bachelors,Yes,No,Yes,74.6,83.2,B,72,Good
306,Male,5.2,80.3,6.5,Bachelors,Yes,Yes,No,55.9,80.7,B,48,Average
307,Female,1.9,93.7,6.8,Masters,Yes,Yes,Yes,81.1,87.2,B,99,Excellent
308,Female,4.4,71.5,6.6,High School,Yes,Yes,Yes,48.8,72.8,C,98,Excellent
309,Female,4.4,86.3,7.2,Bachelors,Yes,No,No,63.1,85.2,B,45,Average
310,Female,3.0,100.0,8.5,High School,Yes,No,Yes,66.9,83.3,B,55,Average
311,Female,4.0,75.0,8.1,High School,Yes,Yes,No,62.4,82.6,B,68,Good
312,Male,1.6,78.2,5.2,Masters,Yes,No,Yes,63.2,63.4,D,42,Average
313,Female,4.9,90.1,7.5,,Yes,Yes,No,92.5,100.0,A,59,Average
314,Male,3.2,86.8,8.4,Bachelors,Yes,No,No,59.8,79.4,C,99,Excellent
315,Male,2.7,88.5,7.3,Masters,Yes,Yes,No,99.3,100.0,A,98,Excellent
316,Female,5.1,89.9,8.1,PhD,Yes,Yes,No,75.2,100.0,A,75,Good
317,Male,2.4,91.3,9.2,Masters,No,Yes,Yes,71.1,72.9,C,58,Average
318,Male,1.4,96.1,8.0,High School,No,Yes,No,75.7,79.2,C,65,Good
319,Male,1.2,89.1,7.1,,Yes,No,No,100.0,84.2,B,42,Average
320,Female,4.4,82.6,8.1,Bachelors,Yes,Yes,Yes,58.1,80.7,B,58,Average
321,Female,1.6,91.7,7.0,High School,Yes,No,No,56.6,85.3,B,59,Average
322,Male,6.1,100.0,6.8,High School,Yes,No,Yes,60.9,93.1,A,71,Good
323,Female,0.5,83.7,6.4,Bachelors,Yes,Yes,No,70.4,73.5,C,46,Average
324,Female,6.0,75.3,8.7,High School,Yes,Yes,No,49.3,90.8,A,91,Excellent
325,Female,3.8,96.1,5.8,High School,Yes,Yes,Yes,70.3,80.8,B,80,Excellent
326,Female,3.4,83.8,8.6,High School,Yes,No,No,90.3,88.9,B,72,Good
327,Male,2.7,63.3,7.4,Masters,No,Yes,No,71.8,63.7,D,79,Excellent
328,Male,4.1,93.5,5.1,PhD,Yes,Yes,No,66.5,82.6,B,78,Excellent
329,Female,3.4,79.6,7.2,High School,Yes,Yes,No,62.6,63.7,D,57,Average
330,Female,5.2,84.1,4.3,PhD,Yes,No,No,80.8,96.6,A,79,Excellent
331,Male,3.7,88.3,7.6,PhD,Yes,Yes,No,60.1,97.0,A,40,Fail
332,Male,3.7,86.9,7.9,Masters,No,Yes,No,92.2,93.3,A,50,Average
333,Female,3.0,92.1,6.1,High School,Yes,Yes,Yes,93.2,82.8,B,67,Good
334,Male,3.4,80.6,6.9,Masters,Yes,Yes,No,73.1,81.2,B,96,Excellent
335,Female,4.0,90.1,9.1,,Yes,No,No,69.9,88.7,B,64,Good
336,Female,0.9,82.4,6.2,Masters,Yes,Yes,No,82.4,71.2,C,89,Excellent
337,Male,1.5,92.4,5.5,High School,Yes,No,No,83.1,87.1,B,62,Good
338,Male,4.6,91.2,8.6,Bachelors,Yes,No,No,60.3,94.9,A,70,Good
339,Female,3.8,75.6,9.2,Bachelors,Yes,No,No,63.7,76.1,C,69,Good
340,Female,3.2,95.9,6.8,Bachelors,Yes,No,No,54.1,85.1,B,81,Excellent
341,Male,3.5,79.6,8.0,High School,Yes,Yes,No,74.9,96.3,A,74,Good
342,Female,4.0,93.1,8.4,High School,Yes,Yes,No,78.0,100.0,A,46,Average
343,Male,2.7,88.7,5.9,Masters,Yes,No,No,53.8,92.0,A,99,Excellent
344,Female,2.3,100.0,6.2,PhD,Yes,Yes,No,64.5,77.2,C,55,Average
345,Male,3.8,82.8,8.3,High School,Yes,No,No,53.8,97.5,A,65,Good
346,Male,2.0,81.5,8.8,,Yes,Yes,Yes,59.2,70.6,C,87,Excellent
347,Male,4.1,84.8,7.5,High School,Yes,No,No,76.6,87.2,B,96,Excellent
348,Female,0.9,82.0,5.7,Masters,Yes,No,No,61.2,69.0,D,91,Excellent
349,Female,5.0,93.0,9.2,Masters,Yes,Yes,Yes,66.4,90.2,A,99,Excellent
350,Male,4.2,68.8,6.2,Masters,Yes,Yes,Yes,50.5,74.0,C,88,Excellent
351,Female,3.9,74.5,6.4,,Yes,No,No,72.2,75.3,C,41,Average
352,Male,5.0,74.3,7.2,High School,Yes,No,No,69.5,86.5,B,40,Fail
353,Male,6.0,94.5,8.7,PhD,Yes,Yes,No,61.3,100.0,A,87,Excellent
354,Female,5.0,100.0,7.8,High School,Yes,No,Yes,67.7,93.6,A,51,Average
355,Female,0.7,84.0,7.3,Masters,Yes,Yes,Yes,72.2,72.0,C,44,Average
356,Male,1.6,83.3,7.4,Masters,Yes,Yes,No,60.2,76.2,C,76,Excellent
357,Female,2.6,85.7,6.9,Masters,Yes,No,No,52.3,80.9,B,71,Good
358,Female,3.5,96.6,7.5,High School,Yes,No,Yes,91.7,85.3,B,98,Excellent
359,Male,4.3,75.7,3.8,PhD,Yes,No,No,62.4,81.9,B,94,Excellent
360,Male,2.4,87.4,6.4,High School,Yes,No,No,68.8,78.0,C,48,Average
361,Female,3.8,94.8,7.1,High School,Yes,Yes,Yes,82.1,93.6,A,80,Excellent
362,Male,2.4,90.0,5.4,Masters,Yes,No,Yes,100.0,95.1,A,74,Good
363,Male,2.6,86.9,7.3,Bachelors,Yes,Yes,Yes,55.1,66.7,D,58,Average
364,Female,1.4,95.0,6.6,Masters,Yes,Yes,No,75.4,75.6,C,87,Excellent
365,Male,2.1,58.0,8.9,Bachelors,Yes,Yes,No,61.5,57.4,F,55,Average
366,Male,1.5,91.8,8.7,High School,Yes,Yes,No,63.5,75.4,C,42,Average
367,Female,2.0,78.5,6.2,Masters,Yes,Yes,No,61.4,80.5,B,59,Average
368,Female,5.1,66.7,6.6,Bachelors,No,Yes,No,56.5,75.1,C,63,Good
369,Male,2.1,90.1,6.7,High School,No,Yes,No,69.5,67.8,D,93,Excellent
370,Male,7.4,98.7,6.3,Masters,Yes,Yes,No,52.3,97.4,A,95,Excellent
371,Female,4.2,83.6,7.0,Bachelors,Yes,No,Yes,81.4,80.2,B,72,Good
372,Female,3.8,94.5,5.9,Bachelors,Yes,Yes,No,70.7,82.8,B,63,Good
373,Female,2.2,100.0,5.4,Bachelors,Yes,Yes,No,75.1,87.8,B,91,Excellent
374,Female,4.6,98.1,7.5,Masters,Yes,No,No,64.4,85.8,B,50,Average
375,Male,2.6,100.0,7.6,Masters,Yes,No,No,65.6,91.7,A,88,Excellent
376,Female,3.7,92.4,5.8,Masters,Yes,No,Yes,73.5,84.9,B,47,Average
377,Female,7.3,85.8,7.9,High School,Yes,Yes,No,56.0,99.3,A,75,Good
378,Male,3.4,69.0,6.0,Masters,Yes,No,No,65.7,74.3,C,77,Excellent
379,Female,5.2,82.5,7.1,Masters,Yes,Yes,No,59.7,93.3,A,79,Excellent
380,Male,2.4,76.6,7.8,Masters,Yes,Yes,No,59.3,79.4,C,59,Average
381,Female,3.4,100.0,6.8,Bachelors,No,Yes,No,44.7,77.4,C,74,Good
382,Female,6.2,83.2,7.3,PhD,Yes,No,No,86.1,100.0,A,87,Excellent
383,Female,2.6,86.2,6.2,Masters,Yes,Yes,No,61.8,76.8,C,64,Good
384,Male,6.2,90.5,6.6,High School,Yes,Yes,No,84.0,100.0,A,74,Good
385,Male,4.6,85.4,6.6,Bachelors,No,Yes,No,82.8,88.6,B,64,Good
386,Female,2.7,100.0,5.9,PhD,Yes,No,No,54.6,79.1,C,68,Good
387,Male,4.4,78.8,6.6,High School,Yes,No,No,56.9,79.4,C,57,Average
388,Male,5.0,86.9,4.9,,Yes,Yes,No,100.0,100.0,A,85,Excellent
389,Male,4.4,77.6,6.2,Masters,Yes,No,Yes,91.0,86.7,B,57,Average
390,Male,1.1,71.8,6.5,Bachelors,Yes,Yes,Yes,69.6,69.5,D,41,Average
391,Male,2.4,78.9,6.5,High School,Yes,No,No,73.1,86.3,B,93,Excellent
392,Male,3.1,84.6,6.5,High School,Yes,Yes,No,62.4,87.3,B,74,Good
393,Female,3.4,80.7,6.7,,No,No,No,75.2,72.1,C,55,Average
394,Female,4.4,78.1,7.4,High School,Yes,Yes,No,61.4,92.3,A,100,Excellent
395,Male,3.8,70.9,7.8,Masters,Yes,No,Yes,45.6,67.6,D,80,Excellent
396,Female,1.5,84.2,6.0,Bachelors,Yes,Yes,No,54.1,72.7,C,75,Good
397,Female,4.1,70.0,5.4,High School,Yes,Yes,No,70.3,76.1,C,72,Good
398,Female,4.4,92.6,5.5,High School,No,Yes,No,56.4,81.2,B,43,Average
399,Female,4.3,85.8,6.2,Bachelors,Yes,Yes,No,69.2,90.4,A,72,Good
400,Male,5.1,70.4,6.4,,Yes,Yes,No,57.1,73.2,C,53,Average
401,Female,4.8,81.9,5.9,Bachelors,Yes,No,Yes,60.6,85.2,B,60,Average
402,Female,4.2,77.5,5.2,Bachelors,Yes,Yes,No,80.2,96.4,A,87,Excellent
403,Male,3.4,88.2,6.3,High School,Yes,No,Yes,73.0,81.9,B,59,Average
404,Male,1.0,98.4,7.0,Bachelors,Yes,No,No,69.9,86.5,B,95,Excellent
405,Female,4.1,66.2,7.5,Bachelors,Yes,No,No,80.5,84.7,B,47,Average
406,Female,3.8,86.2,6.1,PhD,Yes,No,No,75.8,93.0,A,46,Average
407,Female,3.9,83.4,6.3,Bachelors,Yes,No,No,87.4,78.9,C,42,Average
408,Female,1.6,91.7,5.7,Bachelors,Yes,Yes,No,64.5,90.4,A,56,Average
409,Female,1.9,87.1,6.8,High School,No,No,No,64.8,80.1,B,72,Good
410,Female,5.1,77.5,5.8,,Yes,Yes,Yes,54.4,78.1,C,87,Excellent
411,Male,3.4,81.8,7.5,High School,Yes,No,No,64.9,70.1,C,51,Average
412,Female,4.5,77.0,4.7,High School,Yes,No,No,81.6,90.2,A,98,Excellent
413,Female,3.5,95.8,6.4,Masters,Yes,Yes,No,85.6,86.5,B,90,Excellent
414,Male,3.5,85.2,7.2,Bachelors,Yes,Yes,No,81.5,93.5,A,61,Good
415,Male,4.9,100.0,7.0,Bachelors,No,Yes,Yes,48.5,83.3,B,94,Excellent
416,Male,2.7,84.4,10.0,Bachelors,Yes,No,Yes,83.0,81.2,B,61,Good
417,Male,3.6,77.9,7.2,Masters,No,No,No,47.9,76.0,C,85,Excellent
418,Female,2.8,69.9,5.6,High School,Yes,Yes,No,80.8,84.9,B,69,Good
419,Female,2.8,67.0,6.7,Masters,Yes,No,No,65.6,79.2,C,77,Excellent
420,Female,3.0,69.2,4.7,Bachelors,No,No,No,78.4,72.8,C,77,Excellent
421,Female,3.8,87.7,6.7,Bachelors,Yes,Yes,Yes,54.0,69.9,D,84,Excellent
422,Female,2.8,90.1,5.8,Bachelors,No,Yes,No,84.1,89.6,B,90,Excellent
423,Female,5.4,69.2,7.9,High School,Yes,No,Yes,52.4,77.3,C,93,Excellent
424,Male,2.2,94.0,6.1,Masters,No,No,No,62.0,64.6,D,47,Average
425,Female,3.2,80.2,6.7,Bachelors,Yes,No,Yes,58.0,81.8,B,66,Good
426,Male,2.8,86.5,6.0,High School,Yes,Yes,No,48.9,86.2,B,66,Good
427,Male,5.7,100.0,8.9,Bachelors,Yes,Yes,Yes,71.1,100.0,A,73,Good
428,Female,3.8,94.0,6.4,,Yes,Yes,No,91.7,100.0,A,60,Average
429,Male,5.0,82.3,9.0,Bachelors,Yes,Yes,No,100.0,100.0,A,69,Good
430,Female,1.3,76.1,7.8,,Yes,Yes,No,71.2,72.0,C,72,Good
431,Male,3.9,63.5,7.4,High School,Yes,No,No,83.4,81.2,B,67,Good
432,Female,4.8,77.8,7.2,High School,Yes,Yes,No,72.8,100.0,A,86,Excellent
433,Male,3.6,82.9,7.3,High School,Yes,No,Yes,76.0,79.7,C,72,Good
434,Female,5.1,75.1,4.5,Bachelors,Yes,Yes,No,65.9,89.4,B,44,Average
435,Female,2.7,83.7,6.5,High School,Yes,No,No,72.3,77.8,C,99,Excellent
436,Female,5.6,85.8,7.8,High School,Yes,Yes,Yes,76.4,93.4,A,100,Excellent
437,Female,6.9,82.8,6.7,,Yes,Yes,Yes,63.1,100.0,A,87,Excellent
438,Female,3.0,78.5,5.1,Masters,Yes,Yes,No,69.1,76.5,C,58,Average
439,Male,2.8,86.7,6.7,Masters,Yes,No,No,69.3,79.3,C,43,Average
440,Male,5.7,89.4,8.8,High School,No,No,No,79.9,100.0,A,74,Good
441,Male,5.9,74.1,8.3,High School,Yes,Yes,No,57.2,98.9,A,88,Excellent
442,Female,2.7,99.1,6.7,High School,Yes,Yes,Yes,69.4,87.5,B,56,Average
443,Male,2.9,84.0,7.9,Masters,Yes,No,Yes,92.9,85.2,B,83,Excellent
444,Female,3.1,85.2,6.4,,Yes,Yes,No,84.0,86.0,B,67,Good
445,Female,1.5,92.1,4.8,Bachelors,Yes,Yes,Yes,86.2,80.7,B,69,Good
446,Male,2.1,87.3,5.7,High School,Yes,No,No,70.3,79.9,C,68,Good
447,Male,2.0,94.5,8.7,Bachelors,Yes,No,No,73.9,79.1,C,85,Excellent
448,Female,2.3,87.9,6.5,High School,Yes,Yes,Yes,82.0,87.1,B,92,Excellent
449,Male,3.4,78.9,6.5,Bachelors,Yes,Yes,No,88.7,90.7,A,45,Average
450,Female,3.9,88.6,6.4,Bachelors,Yes,No,Yes,46.6,64.6,D,74,Good
451,Female,5.8,73.6,9.1,Masters,No,Yes,No,54.2,77.9,C,99,Excellent
452,Female,2.0,86.1,8.8,High School,Yes,Yes,Yes,85.7,82.0,B,80,Excellent
453,Female,5.0,84.7,9.5,High School,Yes,No,No,66.7,92.8,A,76,Excellent
454,Female,3.2,82.9,6.6,,No,No,No,61.9,85.4,B,63,Good
455,Male,3.4,83.7,7.2,High School,Yes,Yes,No,55.0,80.7,B,68,Good
456,Male,4.5,66.2,5.0,High School,Yes,No,No,63.3,72.7,C,88,Excellent
457,Female,1.8,79.5,8.6,High School,Yes,No,Yes,53.2,68.8,D,85,Excellent
458,Female,4.1,85.9,5.4,High School,No,Yes,No,95.1,89.9,B,92,Excellent
459,Male,3.7,86.6,7.1,Bachelors,No,No,No,69.7,83.3,B,70,Good
460,Male,4.2,74.7,5.5,Masters,Yes,Yes,No,69.3,86.8,B,74,Good
461,Female,3.9,97.7,6.1,High School,Yes,Yes,Yes,77.1,98.2,A,99,Excellent
462,Male,7.2,76.3,5.8,Bachelors,Yes,No,No,81.5,100.0,A,72,Good
463,Female,2.5,94.7,6.1,Masters,Yes,Yes,Yes,81.4,95.1,A,91,Excellent
464,Male,2.7,89.3,6.2,Bachelors,Yes,Yes,No,82.9,93.5,A,100,Excellent
465,Female,2.6,78.5,6.1,PhD,No,Yes,Yes,62.4,63.2,D,60,Average
466,Male,2.7,100.0,7.8,PhD,Yes,Yes,No,66.4,100.0,A,71,Good
467,Female,2.5,73.1,5.5,High School,Yes,No,Yes,79.2,77.1,C,62,Good
468,Male,5.3,94.2,7.1,Masters,Yes,No,No,63.7,88.8,B,72,Good
469,Male,5.6,95.0,8.3,Bachelors,Yes,No,No,69.9,100.0,A,42,Average
470,Female,2.6,78.3,6.2,,Yes,Yes,Yes,74.8,89.9,B,57,Average
471,Male,2.3,98.9,5.9,Bachelors,Yes,Yes,No,79.4,87.6,B,64,Good
472,Female,4.2,82.5,6.5,,No,Yes,Yes,48.7,68.0,D,81,Excellent
473,Male,2.7,87.9,8.2,Masters,No,Yes,No,78.6,82.2,B,70,Good
474,Female,4.4,87.6,7.0,High School,Yes,Yes,No,67.2,94.0,A,93,Excellent
475,Male,3.8,83.7,6.2,Bachelors,No,No,No,78.5,90.9,A,97,Excellent
476,Female,1.2,93.1,7.4,,Yes,No,No,79.3,85.0,B,42,Average
477,Male,5.8,92.9,5.5,PhD,Yes,No,Yes,89.3,100.0,A,79,Excellent
478,Female,6.2,67.5,7.6,High School,Yes,Yes,No,86.2,100.0,A,85,Excellent
479,Male,2.6,98.0,7.3,Masters,Yes,No,Yes,86.2,87.4,B,63,Good
480,Female,2.9,68.4,6.4,High School,No,Yes,No,87.3,84.8,B,89,Excellent
481,Female,3.9,95.3,5.8,High School,Yes,Yes,No,73.5,89.5,B,71,Good
482,Female,4.0,96.3,5.7,Bachelors,Yes,No,No,70.4,92.3,A,86,Excellent
483,Male,4.5,74.1,7.4,High School,Yes,No,Yes,80.5,86.6,B,61,Good
484,Female,6.5,80.9,8.3,Masters,Yes,Yes,No,78.8,100.0,A,62,Good
485,Male,3.2,73.9,6.0,High School,Yes,Yes,No,66.3,75.7,C,41,Average
486,Female,2.3,82.9,7.4,Masters,Yes,Yes,Yes,74.9,87.3,B,66,Good
487,Male,1.4,81.9,4.3,High School,Yes,No,No,69.6,66.6,D,81,Excellent
488,Female,2.4,92.8,6.1,High School,Yes,Yes,No,59.8,74.1,C,41,Average
489,Male,3.5,98.1,6.8,High School,Yes,No,No,85.5,100.0,A,65,Good
490,Male,6.2,99.0,5.7,High School,Yes,Yes,No,70.7,100.0,A,56,Average
491,Female,2.7,79.4,5.7,High School,Yes,Yes,No,94.6,74.3,C,79,Excellent
492,Male,3.8,82.9,6.0,High School,Yes,Yes,Yes,50.5,71.1,C,72,Good
493,Male,3.5,68.2,7.2,Bachelors,Yes,Yes,No,63.3,66.7,D,48,Average
494,Female,5.3,76.9,6.6,High School,Yes,Yes,Yes,70.4,82.1,B,82,Excellent
495,Male,7.3,94.6,4.1,Bachelors,Yes,No,No,83.6,88.5,B,93,Excellent
496,Male,2.7,100.0,4.3,Bachelors,No,No,No,74.8,79.4,C,87,Excellent
497,Male,2.8,72.7,6.1,PhD,Yes,No,No,73.7,71.0,C,78,Excellent
498,Female,5.1,79.1,7.3,,Yes,No,No,56.5,85.4,B,68,Good
499,Male,4.5,84.7,3.5,Bachelors,No,No,Yes,56.1,61.8,D,81,Excellent
500,Female,6.3,87.8,6.2,High School,Yes,No,No,73.9,99.6,A,94,Excellent
501,Male,4.4,76.9,6.2,High School,Yes,No,No,53.6,76.1,C,65,Good
502,Male,3.0,89.2,8.5,,Yes,Yes,Yes,63.6,90.4,A,74,Good
503,Male,4.4,80.3,6.3,High School,No,Yes,No,76.0,93.3,A,89,Excellent
504,Female,5.2,84.9,7.3,High School,No,Yes,No,58.2,88.9,B,64,Good
505,Male,4.7,90.5,7.0,High School,Yes,Yes,No,89.3,99.0,A,63,Good
506,Male,4.3,85.1,4.2,High School,Yes,Yes,Yes,84.7,100.0,A,52,Average
507,Female,5.1,80.6,7.7,High School,Yes,No,No,51.1,74.5,C,99,Excellent
508,Male,5.3,83.9,7.1,Masters,No,Yes,Yes,58.8,72.8,C,97,Excellent
509,Female,5.6,84.1,7.4,High School,No,Yes,Yes,42.6,76.1,C,46,Average
510,Female,4.5,81.3,10.0,Bachelors,Yes,Yes,Yes,60.6,99.5,A,96,Excellent
511,Male,3.2,82.4,4.3,High School,Yes,Yes,Yes,79.2,79.9,C,75,Good
512,Female,3.7,100.0,8.9,High School,Yes,Yes,Yes,65.0,88.2,B,84,Excellent
513,Male,5.3,90.6,6.5,,Yes,Yes,No,75.5,88.9,B,59,Average
514,Female,2.3,82.0,7.1,High School,Yes,Yes,No,51.7,77.9,C,40,Fail
515,Female,4.1,92.0,6.7,Masters,Yes,Yes,Yes,79.6,97.2,A,47,Average
516,Male,2.9,81.7,6.3,Bachelors,Yes,No,Yes,63.3,79.3,C,85,Excellent
517,Female,3.5,96.7,6.1,High School,Yes,No,No,70.1,84.2,B,55,Average
518,Female,5.4,88.7,7.2,,No,Yes,No,68.9,86.3,B,53,Average
519,Female,3.8,83.9,5.0,High School,Yes,Yes,Yes,54.7,67.6,D,51,Average
520,Female,3.6,89.5,7.7,PhD,Yes,Yes,Yes,56.2,80.7,B,90,Excellent
521,Female,1.5,69.3,6.3,High School,Yes,No,Yes,81.6,64.7,D,62,Good
522,Male,4.6,73.7,5.4,PhD,No,Yes,Yes,74.8,71.8,C,54,Average
523,Female,4.5,73.1,6.3,High School,Yes,Yes,Yes,82.6,84.9,B,67,Good
524,Male,6.7,86.4,8.3,Bachelors,Yes,No,No,73.9,100.0,A,73,Good
525,Female,3.0,100.0,6.2,Masters,Yes,Yes,Yes,71.7,82.4,B,41,Average
526,Male,3.8,100.0,7.2,,Yes,Yes,No,49.3,87.3,B,71,Good
527,Male,3.9,91.4,5.9,,Yes,Yes,Yes,66.8,84.8,B,62,Good
528,Female,5.9,90.0,7.7,Masters,Yes,No,No,69.7,96.4,A,61,Good
529,Female,3.4,67.0,7.6,PhD,No,No,No,93.4,84.3,B,90,Excellent
530,Female,3.9,79.6,9.0,High School,Yes,No,No,78.2,84.5,B,64,Good
531,Male,4.4,77.1,6.6,High School,Yes,Yes,No,88.4,94.7,A,97,Excellent
532,Female,3.8,78.8,7.6,High School,Yes,Yes,No,77.2,89.6,B,100,Excellent
533,Male,2.8,83.3,6.9,Bachelors,Yes,No,No,61.5,68.6,D,61,Good
534,Male,3.8,80.3,8.4,Bachelors,Yes,No,No,71.4,92.8,A,97,Excellent
535,Male,5.1,65.2,5.9,Bachelors,Yes,Yes,No,72.8,80.7,B,97,Excellent
536,Female,2.0,92.5,7.7,High School,Yes,No,No,58.7,77.6,C,61,Good
537,Female,3.7,74.3,6.6,Masters,Yes,Yes,No,65.4,87.7,B,88,Excellent
538,Male,2.4,87.4,6.7,High School,Yes,Yes,No,67.5,86.0,B,91,Excellent
539,Male,5.3,100.0,6.9,High School,Yes,No,No,89.3,100.0,A,81,Excellent
540,Female,1.2,75.8,7.1,Bachelors,Yes,Yes,Yes,45.0,57.3,F,45,Average
541,Male,2.7,59.7,6.7,Masters,No,No,Yes,84.5,75.6,C,54,Average
542,Female,4.1,82.1,7.1,Masters,Yes,Yes,No,58.8,87.3,B,93,Excellent
543,Male,5.8,96.0,8.7,Bachelors,Yes,Yes,Yes,53.5,88.8,B,82,Excellent
544,Female,3.4,100.0,8.0,High School,Yes,No,No,84.2,91.8,A,99,Excellent
545,Male,2.7,72.7,7.8,Bachelors,Yes,No,Yes,78.8,66.0,D,76,Excellent
546,Female,6.3,90.0,6.3,High School,Yes,Yes,No,85.1,100.0,A,72,Good
547,Male,1.3,80.3,5.7,Bachelors,No,Yes,No,79.6,71.1,C,47,Average
548,Female,0.5,83.9,7.9,Bachelors,Yes,No,No,94.7,88.8,B,92,Excellent
549,Female,4.2,100.0,7.9,High School,Yes,Yes,No,76.7,100.0,A,99,Excellent
550,Male,2.7,70.0,8.6,High School,Yes,No,No,68.1,85.2,B,83,Excellent
551,Male,2.0,87.5,6.1,,Yes,No,No,74.1,75.4,C,83,Excellent
552,Female,4.6,89.7,6.5,,Yes,Yes,No,84.9,100.0,A,44,Average
553,Male,3.9,95.9,4.8,Bachelors,Yes,Yes,Yes,60.6,78.9,C,78,Excellent
554,Female,2.7,86.0,6.3,High School,Yes,Yes,No,62.2,83.4,B,43,Average
555,Male,1.6,88.1,8.0,High School,No,No,No,66.3,63.4,D,45,Average
556,Female,4.8,81.1,6.2,Bachelors,Yes,Yes,No,44.7,80.7,B,84,Excellent
557,Female,4.5,87.7,7.6,,Yes,Yes,No,71.7,80.8,B,71,Good
558,Female,3.4,81.6,6.6,High School,Yes,Yes,No,47.4,73.1,C,91,Excellent
559,Female,6.3,91.2,7.2,Masters,Yes,No,Yes,70.6,99.8,A,69,Good
560,Female,1.9,81.3,5.4,High School,Yes,Yes,Yes,80.4,73.5,C,86,Excellent
561,Female,1.2,88.8,6.9,,Yes,Yes,No,64.3,68.2,D,74,Good
562,Male,2.5,84.7,3.2,Bachelors,No,No,No,90.1,83.9,B,94,Excellent
563,Male,3.4,96.3,6.6,Masters,No,No,No,52.5,75.3,C,79,Excellent
564,Male,3.9,84.5,4.8,High School,No,No,Yes,84.3,78.7,C,91,Excellent
565,Female,3.1,67.3,8.2,Bachelors,Yes,Yes,No,78.1,82.8,B,55,Average
566,Female,4.0,97.6,7.7,High School,Yes,Yes,No,49.4,100.0,A,52,Average
567,Female,1.6,75.9,7.4,High School,Yes,No,No,100.0,92.6,A,89,Excellent
568,Female,5.7,78.5,8.6,,Yes,Yes,Yes,69.2,99.1,A,99,Excellent
569,Male,3.4,79.0,5.7,,Yes,No,Yes,59.5,76.2,C,81,Excellent
570,Male,5.2,98.7,8.9,PhD,Yes,No,Yes,53.1,90.9,A,69,Good
571,Female,4.0,63.6,7.9,Bachelors,Yes,Yes,Yes,67.4,63.3,D,58,Average
572,Male,4.2,100.0,6.5,Masters,Yes,No,Yes,68.5,85.0,B,56,Average
573,Male,4.4,95.6,8.2,High School,Yes,No,Yes,71.2,88.7,B,95,Excellent
574,Female,4.2,87.2,5.5,High School,Yes,Yes,No,66.4,75.3,C,58,Average
575,Male,4.5,84.5,5.8,High School,Yes,Yes,No,77.6,84.9,B,67,Good
576,Female,5.5,87.9,6.1,Bachelors,Yes,Yes,No,65.3,81.1,B,97,Excellent
577,Male,3.8,90.2,6.2,Bachelors,Yes,Yes,Yes,46.8,75.6,C,94,Excellent
578,Female,4.6,91.5,5.5,High School,Yes,Yes,No,68.2,95.5,A,65,Good
579,Female,3.4,90.6,8.3,Bachelors,Yes,No,No,41.6,83.3,B,76,Excellent
580,Female,5.7,85.9,6.5,Masters,Yes,No,Yes,74.2,95.7,A,65,Good
581,Female,2.5,83.0,7.2,Bachelors,Yes,Yes,No,58.2,70.4,C,92,Excellent
582,Male,6.2,83.5,6.1,High School,Yes,Yes,Yes,72.0,82.7,B,62,Good
583,Female,3.4,83.1,4.6,High School,Yes,No,No,85.8,76.7,C,48,Average
584,Female,1.4,96.3,7.1,High School,Yes,Yes,No,58.6,68.4,D,51,Average
585,Female,3.7,90.9,4.5,High School,Yes,No,No,82.7,84.6,B,92,Excellent
586,Male,2.5,55.6,6.7,Bachelors,Yes,Yes,No,64.8,67.7,D,40,Fail
587,Female,4.8,91.6,5.2,Bachelors,No,Yes,No,91.0,89.2,B,97,Excellent
588,Male,2.5,86.9,9.2,Masters,Yes,Yes,No,65.6,85.0,B,97,Excellent
589,Female,2.8,84.8,7.9,Bachelors,Yes,No,No,59.9,77.3,C,40,Fail
590,Male,0.7,81.1,6.9,Masters,Yes,Yes,Yes,78.2,72.2,C,86,Excellent
591,Male,2.8,96.2,8.3,High School,Yes,No,Yes,64.8,89.0,B,73,Good
592,Female,0.5,94.5,5.8,Bachelors,Yes,Yes,No,59.9,63.2,D,71,Good
593,Male,1.1,77.3,7.5,Masters,Yes,Yes,No,64.3,73.2,C,93,Excellent
594,Female,4.6,89.1,7.0,High School,No,Yes,No,69.5,87.0,B,87,Excellent
595,Female,4.7,75.3,7.1,High School,Yes,No,Yes,86.1,88.5,B,64,Good
596,Female,4.1,71.2,8.3,PhD,Yes,No,No,46.8,80.4,B,79,Excellent
597,Male,2.0,78.7,7.7,High School,Yes,Yes,Yes,70.3,80.2,B,84,Excellent
598,Male,3.4,93.6,7.1,Masters,No,Yes,No,77.5,80.9,B,92,Excellent
599,Female,3.5,94.5,4.8,High School,Yes,Yes,No,72.3,86.4,B,40,Fail
600,Female,1.8,90.1,5.6,Masters,Yes,Yes,No,85.7,86.3,B,55,Average
601,Male,5.8,92.3,6.7,High School,Yes,Yes,Yes,69.1,93.4,A,100,Excellent
602,Female,4.8,90.2,6.9,High School,Yes,No,No,67.8,95.1,A,78,Excellent
603,Female,3.2,78.6,5.4,Bachelors,Yes,No,No,77.1,83.9,B,44,Average
604,Female,3.5,89.3,9.7,High School,Yes,Yes,No,71.2,100.0,A,61,Good
605,Male,3.8,93.0,8.6,Bachelors,Yes,Yes,No,65.3,80.9,B,68,Good
606,Male,0.5,92.5,7.5,High School,Yes,No,No,76.2,76.4,C,94,Excellent
607,Male,3.1,96.9,6.9,High School,No,No,No,62.2,73.6,C,42,Average
608,Female,2.5,92.1,6.5,High School,Yes,Yes,No,62.7,84.0,B,51,Average
609,Female,2.0,88.5,5.7,High School,No,Yes,Yes,63.7,58.6,F,65,Good
610,Female,3.1,95.7,6.9,,Yes,Yes,No,86.2,96.3,A,55,Average
611,Male,6.2,84.7,7.1,High School,Yes,Yes,No,31.3,78.8,C,90,Excellent
612,Female,4.5,76.2,5.3,Bachelors,Yes,Yes,Yes,74.7,79.8,C,76,Excellent
613,Female,2.6,83.4,7.2,High School,Yes,Yes,Yes,70.4,70.0,C,61,Good
614,Female,4.4,77.6,6.6,High School,Yes,No,No,49.8,75.0,C,96,Excellent
615,Female,5.6,78.2,4.5,,Yes,Yes,Yes,73.7,95.0,A,68,Good
616,Male,4.9,83.6,5.8,High School,Yes,Yes,No,75.7,92.4,A,53,Average
617,Male,3.6,77.1,6.3,,Yes,Yes,Yes,77.1,86.4,B,67,Good
618,Female,2.5,81.9,9.1,High School,Yes,No,No,38.2,79.1,C,44,Average
619,Male,4.5,66.1,7.5,Masters,Yes,No,No,86.4,91.5,A,86,Excellent
620,Male,4.1,87.1,5.2,Bachelors,Yes,Yes,No,61.1,80.3,B,88,Excellent
621,Female,4.8,85.0,7.4,PhD,Yes,Yes,No,78.2,98.3,A,69,Good
622,Female,4.5,76.8,4.9,Bachelors,No,No,No,78.9,79.3,C,85,Excellent
623,Male,5.1,91.6,8.1,Bachelors,Yes,Yes,No,59.5,89.5,B,91,Excellent
624,Female,2.7,94.4,6.2,High School,Yes,Yes,Yes,77.9,75.7,C,44,Average
625,Male,5.5,68.9,6.7,High School,Yes,Yes,Yes,65.4,89.6,B,51,Average
626,Female,3.8,77.4,8.4,,Yes,Yes,Yes,45.1,71.0,C,55,Average
627,Male,6.6,77.3,5.3,High School,No,Yes,No,84.0,96.8,A,65,Good
628,Female,2.5,75.6,5.1,Bachelors,Yes,No,Yes,60.7,61.9,D,65,Good
629,Male,6.1,93.3,6.1,Masters,Yes,No,Yes,59.7,93.9,A,87,Excellent
630,Male,3.8,83.1,8.0,High School,Yes,Yes,No,65.2,81.3,B,60,Average
631,Male,2.5,82.4,5.0,,Yes,No,No,73.3,77.6,C,78,Excellent
632,Female,2.8,65.0,3.4,Masters,No,Yes,No,69.3,71.4,C,75,Good
633,Male,3.0,91.4,6.3,Bachelors,Yes,Yes,Yes,76.6,89.4,B,72,Good
634,Male,4.1,72.6,7.5,PhD,Yes,No,Yes,53.9,74.3,C,69,Good
635,Female,4.3,85.6,8.2,High School,Yes,No,No,61.1,76.0,C,76,Excellent
636,Female,2.6,87.8,6.2,High School,Yes,Yes,Yes,68.6,96.3,A,62,Good
637,Male,3.5,98.6,6.3,Bachelors,Yes,Yes,No,92.8,100.0,A,97,Excellent
638,Male,6.7,71.9,8.2,High School,Yes,No,No,68.6,99.9,A,49,Average
639,Female,6.1,54.8,4.6,Masters,Yes,No,No,83.0,83.8,B,93,Excellent
640,Female,4.2,86.8,6.3,,No,No,Yes,70.5,79.4,C,44,Average
641,Female,3.6,100.0,7.0,Bachelors,Yes,Yes,No,64.2,86.0,B,75,Good
642,Female,3.7,97.4,7.3,High School,Yes,Yes,No,67.0,97.9,A,73,Good
643,Female,4.4,87.1,6.2,,Yes,Yes,No,68.0,90.5,A,91,Excellent
644,Male,2.0,80.1,6.8,Bachelors,No,Yes,No,77.2,70.4,C,70,Good
645,Female,3.1,93.1,3.8,Bachelors,Yes,No,Yes,86.5,82.9,B,49,Average
646,Male,1.0,75.3,6.0,Bachelors,Yes,Yes,Yes,74.3,75.5,C,97,Excellent
647,Male,4.1,89.8,7.3,,Yes,Yes,No,84.2,100.0,A,58,Average
648,Male,4.5,90.1,5.6,Bachelors,Yes,No,No,58.4,94.0,A,97,Excellent
649,Female,2.8,95.6,6.9,Masters,Yes,Yes,No,65.0,88.9,B,71,Good
650,Male,5.9,100.0,7.3,Masters,Yes,Yes,No,61.3,97.3,A,40,Fail
651,Male,1.7,88.9,6.4,High School,Yes,No,No,73.8,59.5,F,95,Excellent
652,Female,1.3,79.9,7.0,Bachelors,Yes,No,No,65.7,73.3,C,44,Average
653,Male,3.8,84.7,5.6,Masters,Yes,No,No,78.8,88.0,B,84,Excellent
654,Male,5.1,67.3,6.6,Bachelors,No,Yes,Yes,58.8,74.8,C,43,Average
655,Female,6.0,78.1,7.5,Masters,No,No,No,70.5,89.9,B,55,Average
656,Male,2.8,80.9,7.0,,Yes,No,Yes,78.2,72.6,C,63,Good
657,Male,5.1,79.8,6.1,Bachelors,Yes,Yes,No,45.2,83.6,B,55,Average
658,Male,3.4,86.5,7.1,Masters,Yes,Yes,No,95.5,100.0,A,94,Excellent
659,Female,3.2,76.8,7.7,Masters,Yes,No,No,66.6,84.3,B,41,Average
660,Female,4.8,96.2,4.3,Masters,Yes,Yes,Yes,45.7,85.4,B,88,Excellent
661,Female,4.5,85.0,8.2,Bachelors,Yes,No,No,71.9,95.2,A,67,Good
662,Male,1.1,84.9,6.4,High School,Yes,Yes,Yes,70.4,69.0,D,71,Good
663,Male,5.7,81.7,7.3,Bachelors,Yes,Yes,No,69.0,94.2,A,66,Good
664,Female,5.6,86.6,8.2,Masters,Yes,Yes,Yes,81.9,99.7,A,59,Average
665,Male,2.6,93.3,5.2,Bachelors,Yes,No,No,79.0,85.8,B,63,Good
666,Male,4.1,76.3,5.9,Masters,Yes,Yes,No,73.6,91.7,A,51,Average
667,Female,4.2,78.4,6.5,Bachelors,Yes,Yes,No,75.4,92.2,A,89,Excellent
668,Female,3.9,82.0,5.9,Bachelors,Yes,No,No,68.7,96.3,A,74,Good
669,Male,2.7,71.5,8.9,High School,Yes,No,Yes,91.3,97.6,A,99,Excellent
670,Male,2.5,76.8,5.8,Masters,Yes,No,Yes,52.2,66.4,D,72,Good
671,Male,3.5,80.2,6.1,Bachelors,Yes,Yes,No,71.7,60.8,D,72,Good
672,Female,5.3,93.7,7.0,High School,No,Yes,No,70.8,99.8,A,100,Excellent
673,Female,4.3,87.6,5.4,High School,Yes,No,Yes,79.8,85.2,B,90,Excellent
674,Female,2.9,86.9,6.3,Masters,Yes,No,No,59.9,73.2,C,82,Excellent
675,Female,4.7,93.5,7.2,Bachelors,Yes,Yes,No,49.1,83.8,B,76,Excellent
676,Male,0.5,83.6,6.4,High School,No,Yes,Yes,71.9,61.3,D,51,Average
677,Female,5.2,88.9,6.7,,No,No,Yes,73.4,90.6,A,42,Average
678,Female,0.9,84.0,6.2,Masters,Yes,Yes,Yes,87.9,67.7,D,40,Fail
679,Female,3.0,87.7,5.0,,No,No,No,54.8,63.6,D,72,Good
680,Female,1.8,79.2,7.2,Bachelors,Yes,Yes,No,83.9,84.1,B,79,Excellent
681,Female,1.6,60.6,8.9,Bachelors,Yes,Yes,No,98.4,86.2,B,49,Average
682,Male,5.2,83.7,6.8,PhD,Yes,No,No,65.5,93.9,A,82,Excellent
683,Male,2.8,99.2,7.1,Bachelors,Yes,Yes,Yes,54.5,73.9,C,83,Excellent
684,Female,4.0,94.3,7.6,Masters,No,Yes,No,65.1,79.3,C,68,Good
685,Male,3.4,94.7,5.3,High School,Yes,Yes,No,70.2,83.8,B,52,Average
686,Female,4.2,97.4,8.8,Bachelors,No,Yes,Yes,76.8,91.7,A,51,Average
687,Female,3.6,85.9,7.0,High School,Yes,No,No,62.9,91.7,A,70,Good
688,Male,1.6,87.0,8.8,High School,Yes,No,No,88.7,74.4,C,85,Excellent
689,Male,5.0,78.8,5.9,High School,Yes,No,No,56.6,81.5,B,41,Average
690,Female,2.8,81.8,9.0,High School,Yes,Yes,No,49.1,67.7,D,100,Excellent
691,Female,1.2,91.2,7.7,,Yes,Yes,Yes,83.3,71.0,C,90,Excellent
692,Female,2.9,97.0,7.5,High School,Yes,Yes,Yes,42.7,79.9,C,89,Excellent
693,Male,5.8,83.6,7.1,Masters,No,No,No,67.6,92.2,A,74,Good
694,Female,4.8,80.5,6.5,Masters,Yes,No,Yes,100.0,100.0,A,62,Good
695,Female,3.0,85.0,8.2,Bachelors,Yes,No,No,69.9,89.6,B,56,Average
696,Female,3.0,91.0,7.0,High School,Yes,Yes,No,56.6,77.5,C,65,Good
697,Male,3.0,70.6,4.4,Masters,Yes,Yes,No,69.3,72.6,C,47,Average
698,Female,6.6,62.0,5.5,Bachelors,No,Yes,No,69.4,97.9,A,68,Good
699,Female,4.1,79.5,6.6,Masters,Yes,Yes,No,71.9,85.5,B,65,Good
700,Male,4.1,72.8,7.2,Masters,Yes,Yes,No,77.9,92.1,A,49,Average
701,Female,5.0,79.9,6.7,,Yes,No,No,57.5,84.5,B,65,Good
702,Female,3.9,83.5,8.3,Bachelors,Yes,Yes,Yes,90.3,82.8,B,73,Good
703,Male,3.1,80.5,4.5,High School,Yes,Yes,Yes,72.9,65.4,D,90,Excellent
704,Female,3.2,99.5,7.0,Bachelors,Yes,Yes,No,78.7,89.6,B,80,Excellent
705,Male,3.4,88.3,4.6,High School,Yes,No,Yes,62.5,83.1,B,46,Average
706,Male,3.4,88.0,7.7,PhD,Yes,No,Yes,85.4,94.2,A,43,Average
707,Female,4.6,91.2,6.7,High School,Yes,No,Yes,66.9,92.9,A,97,Excellent
708,Female,3.6,73.6,7.3,High School,Yes,No,No,73.3,77.1,C,92,Excellent
709,Female,4.6,95.4,5.8,Masters,Yes,Yes,No,58.8,98.3,A,89,Excellent
710,Female,3.4,84.2,8.3,Bachelors,Yes,No,Yes,58.0,72.1,C,84,Excellent
711,Male,3.6,91.7,8.1,Bachelors,Yes,Yes,No,78.3,94.6,A,50,Average
712,Female,0.5,74.3,7.5,Bachelors,Yes,Yes,No,64.7,67.1,D,68,Good
713,Male,4.9,69.5,6.6,PhD,No,No,Yes,59.8,72.2,C,95,Excellent
714,Female,4.0,93.2,7.5,High School,Yes,No,No,62.3,95.6,A,75,Good
715,Female,5.0,88.8,6.0,PhD,Yes,Yes,No,78.4,91.9,A,64,Good
716,Female,0.5,76.0,7.8,High School,No,Yes,No,62.5,54.1,F,60,Average
717,Male,6.6,76.3,8.8,Masters,Yes,Yes,No,68.6,98.5,A,100,Excellent
718,Female,3.3,96.3,8.1,Masters,Yes,Yes,Yes,70.2,85.0,B,96,Excellent
719,Female,5.2,73.1,5.9,High School,Yes,Yes,No,47.0,99.1,A,75,Good
720,Female,1.9,100.0,7.2,Bachelors,Yes,Yes,Yes,52.3,78.2,C,49,Average
721,Female,4.4,76.0,5.2,High School,Yes,Yes,No,74.0,83.8,B,76,Excellent
722,Male,1.9,91.4,7.5,Masters,Yes,No,No,61.2,70.7,C,48,Average
723,Female,2.6,81.7,7.3,Bachelors,No,Yes,No,82.7,69.9,D,63,Good
724,Male,6.4,91.0,4.6,Bachelors,Yes,Yes,Yes,81.6,93.7,A,74,Good
725,Male,3.2,79.6,5.4,High School,Yes,Yes,No,78.6,84.9,B,88,Excellent
726,Male,3.8,83.4,6.5,High School,Yes,No,No,91.8,100.0,A,74,Good
727,Male,4.8,85.4,6.4,High School,Yes,Yes,No,69.0,97.5,A,87,Excellent
728,Male,4.2,75.0,5.3,High School,Yes,Yes,No,77.8,88.0,B,75,Good
729,Male,3.7,92.4,7.3,Bachelors,Yes,Yes,No,63.0,85.0,B,57,Average
730,Female,4.0,79.9,7.1,PhD,Yes,No,No,99.4,98.9,A,88,Excellent
731,Male,7.1,82.7,6.6,Masters,Yes,No,No,93.8,100.0,A,78,Excellent
732,Male,3.4,75.1,5.9,Bachelors,No,No,No,70.1,85.0,B,71,Good
733,Male,3.8,59.4,8.1,,No,No,No,74.6,74.3,C,63,Good
734,Female,5.1,83.1,8.8,Masters,Yes,No,No,86.3,99.6,A,62,Good
735,Female,5.2,100.0,6.2,,Yes,No,Yes,68.2,79.8,C,71,Good
736,Male,5.3,92.8,6.1,Bachelors,Yes,Yes,No,62.1,91.3,A,76,Excellent
737,Female,4.5,84.8,7.4,High School,No,Yes,No,80.5,95.0,A,51,Average
738,Male,1.8,82.4,6.4,High School,Yes,No,Yes,70.9,66.6,D,88,Excellent
739,Male,6.0,85.2,6.6,Masters,Yes,Yes,No,72.2,93.1,A,94,Excellent
740,Female,1.8,90.5,7.7,High School,Yes,Yes,No,60.0,81.8,B,52,Average
741,Male,4.0,73.2,4.5,High School,Yes,No,No,49.4,62.9,D,62,Good
742,Female,2.4,96.1,8.4,Bachelors,Yes,Yes,No,72.8,94.0,A,64,Good
743,Female,3.4,92.2,6.9,Bachelors,Yes,No,Yes,80.9,85.0,B,74,Good
744,Male,4.0,92.2,6.3,Bachelors,Yes,No,Yes,67.3,82.4,B,80,Excellent
745,Male,4.0,89.4,6.7,High School,Yes,Yes,No,87.2,89.5,B,69,Good
746,Female,4.1,85.2,6.8,Bachelors,Yes,No,Yes,61.6,83.3,B,56,Average
747,Male,5.9,91.7,4.7,Bachelors,Yes,Yes,Yes,57.3,100.0,A,88,Excellent
748,Male,4.2,90.9,8.6,,No,Yes,No,69.2,92.4,A,59,Average
749,Male,3.1,81.5,6.8,Masters,Yes,Yes,No,69.0,77.0,C,87,Excellent
750,Female,4.9,79.3,7.3,,No,No,No,79.2,95.1,A,64,Good
751,Female,5.3,86.0,7.9,Masters,Yes,No,No,60.7,88.8,B,61,Good
752,Male,1.7,100.0,5.6,Bachelors,Yes,Yes,Yes,86.4,93.2,A,52,Average
753,Female,4.4,72.6,7.4,High School,Yes,No,Yes,93.6,96.4,A,98,Excellent
754,Female,4.6,70.3,6.5,Masters,Yes,Yes,No,69.5,67.2,D,58,Average
755,Female,3.1,86.6,7.8,Bachelors,Yes,No,No,85.0,84.6,B,88,Excellent
756,Female,5.6,85.5,4.2,Bachelors,Yes,Yes,Yes,57.3,89.8,B,75,Good
757,Female,3.3,86.7,6.7,Bachelors,Yes,No,No,82.9,90.3,A,51,Average
758,Male,3.7,87.4,6.1,Bachelors,Yes,Yes,Yes,82.6,82.5,B,100,Excellent
759,Male,3.2,82.8,7.3,High School,Yes,Yes,No,80.4,84.5,B,80,Excellent
760,Male,3.5,99.9,7.4,Bachelors,No,Yes,Yes,69.8,72.1,C,58,Average
761,Female,1.9,69.0,6.0,High School,Yes,No,Yes,34.5,53.2,F,51,Average
762,Female,1.3,76.7,5.9,Masters,No,Yes,Yes,62.3,74.0,C,48,Average
763,Male,5.9,84.0,6.7,High School,Yes,No,No,62.5,96.8,A,46,Average
764,Female,2.2,68.6,5.7,High School,Yes,Yes,No,58.3,81.2,B,67,Good
765,Male,2.0,83.2,7.8,Bachelors,Yes,Yes,No,71.5,85.4,B,53,Average
766,Male,0.5,100.0,6.4,Masters,Yes,Yes,No,65.0,81.1,B,70,Good
767,Male,2.5,85.2,3.3,Bachelors,Yes,No,No,60.1,83.9,B,91,Excellent
768,Female,1.5,87.3,6.4,High School,Yes,Yes,Yes,57.3,71.2,C,58,Average
769,Female,6.0,72.4,5.6,Bachelors,Yes,No,No,61.4,85.5,B,97,Excellent
770,Male,5.0,78.8,4.8,High School,Yes,No,No,83.5,98.4,A,86,Excellent
771,Male,2.5,81.2,5.3,,Yes,No,No,62.1,82.6,B,55,Average
772,Male,6.9,81.8,6.9,,Yes,Yes,Yes,63.8,91.6,A,92,Excellent
773,Male,5.0,97.8,8.4,Bachelors,Yes,No,No,64.5,91.3,A,44,Average
774,Female,3.0,90.6,7.2,High School,Yes,No,Yes,74.1,84.3,B,74,Good
775,Female,0.5,73.9,6.1,Masters,Yes,Yes,No,75.5,74.6,C,51,Average
776,Male,6.9,87.5,7.3,High School,Yes,No,Yes,33.5,88.6,B,64,Good
777,Male,1.4,90.0,6.2,Bachelors,Yes,Yes,No,82.3,73.6,C,91,Excellent
778,Female,1.0,96.4,6.0,High School,Yes,Yes,No,87.2,95.8,A,98,Excellent
779,Female,5.0,100.0,5.4,,Yes,Yes,No,57.4,87.1,B,60,Average
780,Male,7.2,74.8,4.7,High School,Yes,Yes,No,58.3,89.9,B,75,Good
781,Male,5.6,76.9,6.3,Bachelors,No,Yes,No,64.6,79.1,C,92,Excellent
782,Male,4.3,72.4,7.0,Masters,Yes,Yes,No,60.9,97.6,A,62,Good
783,Female,4.4,82.7,6.7,Bachelors,Yes,No,No,72.7,90.3,A,55,Average
784,Female,4.8,89.7,6.3,High School,Yes,Yes,No,46.6,78.1,C,96,Excellent
785,Female,4.6,94.9,5.7,,Yes,Yes,No,56.6,92.6,A,78,Excellent
786,Male,3.9,84.2,7.5,Bachelors,Yes,Yes,Yes,88.5,97.0,A,84,Excellent
787,Male,3.7,81.8,5.2,Bachelors,Yes,No,No,58.9,77.0,C,92,Excellent
788,Female,3.4,86.5,7.7,High School,Yes,No,No,84.9,96.8,A,81,Excellent
789,Female,2.4,76.6,5.6,Bachelors,Yes,No,No,74.3,72.1,C,97,Excellent
790,Male,3.1,100.0,5.9,Bachelors,Yes,No,No,48.3,75.4,C,78,Excellent
791,Female,1.0,68.9,5.0,High School,Yes,Yes,No,77.6,57.6,F,53,Average
792,Female,3.4,86.8,6.2,High School,No,No,Yes,68.6,67.6,D,70,Good
793,Male,2.0,100.0,8.0,Masters,Yes,Yes,Yes,64.5,91.2,A,97,Excellent
794,Female,1.8,85.1,7.4,High School,Yes,Yes,Yes,72.9,86.8,B,44,Average
795,Male,3.8,83.1,8.0,High School,Yes,No,No,75.7,89.5,B,74,Good
796,Male,5.6,81.4,7.4,Bachelors,Yes,Yes,No,78.5,100.0,A,62,Good
797,Male,4.9,83.2,5.5,Masters,Yes,No,No,84.1,93.4,A,68,Good
798,Male,1.1,98.7,6.4,High School,Yes,No,No,74.9,78.7,C,82,Excellent
799,Male,2.0,62.9,5.9,Bachelors,Yes,Yes,Yes,53.5,60.8,D,50,Average
800,Male,4.9,100.0,8.4,High School,Yes,Yes,No,64.3,96.1,A,57,Average
801,Male,2.0,70.8,5.4,High School,Yes,Yes,No,100.0,83.0,B,86,Excellent
802,Female,3.2,82.3,7.9,High School,Yes,No,No,78.7,94.0,A,51,Average
803,Male,4.3,80.7,7.9,Masters,Yes,No,No,98.4,100.0,A,48,Average
804,Male,2.0,90.9,9.0,High School,Yes,Yes,No,86.7,94.6,A,49,Average
805,Female,3.7,69.0,6.3,High School,Yes,Yes,No,72.9,87.7,B,97,Excellent
806,Female,1.5,89.6,7.7,Bachelors,Yes,No,No,73.6,82.1,B,83,Excellent
807,Female,2.6,100.0,9.5,Masters,Yes,No,Yes,69.6,80.1,B,56,Average
808,Male,4.0,71.4,6.1,High School,No,Yes,Yes,49.1,57.8,F,100,Excellent
809,Female,1.1,86.9,5.0,Bachelors,Yes,Yes,No,70.2,74.3,C,77,Excellent
810,Male,4.2,78.4,4.5,High School,No,No,No,84.5,82.5,B,46,Average
811,Male,3.5,89.3,7.7,Bachelors,Yes,Yes,No,62.8,85.9,B,85,Excellent
812,Male,4.3,85.2,4.5,Bachelors,Yes,Yes,No,74.9,88.4,B,52,Average
813,Male,3.8,78.6,6.4,Bachelors,Yes,No,No,80.2,100.0,A,79,Excellent
814,Female,5.5,89.9,7.3,High School,No,No,Yes,59.1,75.6,C,81,Excellent
815,Female,3.7,100.0,7.0,High School,Yes,Yes,No,64.6,78.0,C,48,Average
816,Male,2.9,83.1,7.3,High School,Yes,Yes,No,57.8,80.0,B,89,Excellent
817,Male,3.7,92.2,7.1,Bachelors,Yes,Yes,Yes,60.1,80.2,B,66,Good
818,Male,4.3,72.1,8.3,High School,Yes,Yes,No,54.5,82.2,B,97,Excellent
819,Female,3.6,75.4,5.7,Masters,Yes,No,No,59.2,79.6,C,41,Average
820,Male,3.6,89.7,6.0,,No,Yes,No,87.0,96.3,A,44,Average
821,Male,2.4,99.8,5.9,,No,No,No,59.0,65.4,D,68,Good
822,Female,2.5,88.6,7.8,PhD,Yes,No,No,71.5,79.9,C,76,Excellent
823,Female,1.4,81.9,7.9,Bachelors,No,Yes,No,64.0,71.6,C,77,Excellent
824,Male,6.1,85.0,7.3,Masters,Yes,Yes,No,84.1,100.0,A,58,Average
825,Female,1.6,72.5,8.2,High School,Yes,Yes,No,85.7,93.9,A,47,Average
826,Female,2.5,91.0,5.4,Bachelors,Yes,No,Yes,80.4,87.5,B,87,Excellent
827,Male,2.4,93.8,8.8,Bachelors,Yes,No,No,73.7,86.3,B,84,Excellent
828,Female,4.8,80.5,8.6,Bachelors,No,Yes,Yes,67.2,77.6,C,40,Fail
829,Male,3.1,80.3,7.7,Masters,Yes,No,Yes,55.7,70.2,C,61,Good
830,Female,5.4,87.7,8.9,High School,Yes,No,No,93.3,100.0,A,91,Excellent
831,Male,2.5,80.6,4.8,High School,Yes,No,Yes,60.9,73.5,C,56,Average
832,Male,3.9,84.3,6.2,,Yes,Yes,No,78.0,91.2,A,46,Average
833,Male,2.2,100.0,5.9,High School,Yes,Yes,Yes,82.7,78.1,C,64,Good
834,Female,6.7,82.5,7.7,Bachelors,No,No,No,63.3,89.0,B,84,Excellent
835,Male,1.7,81.4,5.5,,Yes,Yes,Yes,82.5,82.0,B,43,Average
836,Female,4.0,78.5,7.7,Bachelors,Yes,Yes,Yes,79.2,89.5,B,75,Good
837,Male,4.5,92.4,8.4,Bachelors,Yes,Yes,Yes,90.7,100.0,A,45,Average
838,Male,4.1,83.2,7.6,High School,Yes,Yes,No,64.4,88.7,B,99,Excellent
839,Female,3.2,78.5,7.1,High School,Yes,Yes,No,54.6,86.0,B,70,Good
840,Male,3.3,98.2,5.6,PhD,Yes,No,Yes,63.9,82.9,B,58,Average
841,Male,3.6,99.2,5.8,Bachelors,Yes,Yes,No,72.5,88.6,B,100,Excellent
842,Female,3.3,79.0,8.3,Bachelors,Yes,Yes,No,70.7,79.2,C,83,Excellent
843,Male,4.9,66.3,7.7,High School,Yes,No,No,65.3,85.1,B,93,Excellent
844,Male,6.8,95.1,6.8,High School,Yes,Yes,No,47.1,80.2,B,78,Excellent
845,Male,2.7,78.2,6.3,,Yes,Yes,No,75.6,80.2,B,66,Good
846,Male,1.4,92.9,4.4,Bachelors,Yes,No,Yes,93.7,80.3,B,49,Average
847,Female,3.4,65.3,5.5,Bachelors,Yes,No,No,75.6,69.8,D,65,Good
848,Female,7.4,93.9,9.1,High School,No,No,No,77.3,100.0,A,58,Average
849,Male,2.3,72.9,5.3,Masters,Yes,No,No,76.9,80.8,B,78,Excellent
850,Female,6.0,92.3,7.0,,Yes,Yes,Yes,74.8,100.0,A,42,Average
851,Male,6.0,85.1,8.0,Bachelors,Yes,No,Yes,81.2,99.5,A,84,Excellent
852,Female,2.7,75.5,5.3,High School,Yes,Yes,No,74.7,80.7,B,52,Average
853,Male,4.4,80.9,7.0,Bachelors,Yes,No,No,66.2,86.6,B,89,Excellent
854,Male,5.9,91.9,7.9,Masters,No,Yes,No,60.4,98.8,A,67,Good
855,Male,2.9,86.1,6.8,Bachelors,Yes,No,No,67.0,81.9,B,97,Excellent
856,Male,3.2,90.8,10.0,PhD,Yes,No,Yes,73.8,79.0,C,59,Average
857,Male,2.6,100.0,4.8,Bachelors,Yes,No,No,66.2,91.7,A,67,Good
858,Male,2.0,69.4,8.1,PhD,Yes,Yes,No,73.8,78.8,C,47,Average
859,Female,2.5,100.0,6.6,Bachelors,Yes,Yes,No,75.3,84.8,B,100,Excellent
860,Male,1.7,86.0,7.7,High School,No,No,Yes,80.0,66.5,D,80,Excellent
861,Female,3.6,76.0,7.3,High School,Yes,No,No,85.4,91.1,A,78,Excellent
862,Male,2.3,71.7,5.9,High School,Yes,Yes,No,70.9,74.2,C,40,Fail
863,Female,3.9,83.1,7.1,,Yes,No,Yes,54.3,86.3,B,42,Average
864,Female,1.2,94.2,4.6,Masters,Yes,No,No,65.9,71.2,C,52,Average
865,Female,4.0,83.7,7.5,Masters,Yes,Yes,No,70.5,83.5,B,67,Good
866,Male,4.8,100.0,7.2,High School,Yes,No,Yes,48.0,89.8,B,96,Excellent
867,Male,0.5,70.5,7.6,High School,Yes,Yes,No,86.7,80.3,B,99,Excellent
868,Female,4.1,84.9,8.1,Masters,Yes,Yes,No,71.7,91.6,A,88,Excellent
869,Male,5.3,72.5,7.2,Bachelors,Yes,Yes,No,74.6,95.8,A,64,Good
870,Female,1.7,88.6,7.0,High School,Yes,No,No,86.4,84.4,B,95,Excellent
871,Male,6.0,93.9,5.7,Bachelors,Yes,No,No,62.4,96.1,A,72,Good
872,Female,4.1,80.8,5.9,High School,Yes,Yes,Yes,76.9,92.6,A,77,Excellent
873,Female,2.4,59.0,8.2,High School,Yes,No,No,68.7,75.5,C,92,Excellent
874,Male,3.4,87.0,8.5,Bachelors,Yes,No,No,67.8,85.1,B,45,Average
875,Female,4.3,89.4,6.5,High School,Yes,No,No,60.7,93.8,A,97,Excellent
876,Male,3.6,89.0,6.9,,Yes,Yes,No,90.0,81.4,B,83,Excellent
877,Female,4.3,97.4,5.7,High School,Yes,No,Yes,65.5,98.8,A,84,Excellent
878,Female,2.1,74.3,8.2,High School,No,Yes,No,78.4,65.4,D,71,Good
879,Male,3.8,91.8,7.6,High School,Yes,Yes,No,47.5,77.6,C,84,Excellent
880,Male,1.4,96.9,9.1,Masters,Yes,Yes,Yes,84.2,85.6,B,100,Excellent
881,Male,3.3,67.2,5.7,Bachelors,Yes,Yes,No,82.6,81.4,B,86,Excellent
882,Female,2.1,88.2,6.3,Bachelors,Yes,No,No,71.2,85.4,B,60,Average
883,Male,2.4,80.0,7.1,High School,Yes,Yes,No,67.3,71.9,C,55,Average
884,Female,5.4,84.2,7.6,High School,Yes,No,Yes,74.8,94.4,A,93,Excellent
885,Female,5.1,88.5,6.5,Bachelors,Yes,Yes,No,97.5,100.0,A,60,Average
886,Male,4.4,80.1,5.8,Masters,Yes,Yes,Yes,48.8,77.1,C,50,Average
887,Male,1.9,78.2,7.9,PhD,Yes,No,Yes,79.4,76.8,C,99,Excellent
888,Female,3.0,85.3,7.7,High School,Yes,No,No,59.1,79.8,C,76,Excellent
889,Female,5.3,74.1,5.7,Bachelors,Yes,Yes,Yes,69.8,82.2,B,75,Good
890,Male,3.7,74.1,8.4,,Yes,Yes,Yes,67.0,77.4,C,74,Good
891,Male,7.0,91.8,8.2,Bachelors,Yes,Yes,Yes,64.9,100.0,A,58,Average
892,Male,4.1,73.5,7.0,Masters,Yes,Yes,Yes,69.9,87.2,B,59,Average
893,Male,3.8,91.7,6.9,High School,Yes,No,Yes,56.4,76.4,C,96,Excellent
894,Male,3.0,89.6,7.5,,No,No,No,82.4,79.6,C,57,Average
895,Female,3.7,67.7,5.8,Masters,Yes,Yes,Yes,48.5,71.4,C,86,Excellent
896,Female,3.3,78.2,6.8,,Yes,No,Yes,76.5,80.8,B,80,Excellent
897,Female,4.6,96.9,4.2,Masters,Yes,No,Yes,66.1,91.1,A,88,Excellent
898,Female,4.9,75.2,7.9,Bachelors,Yes,Yes,No,55.9,78.8,C,53,Average
899,Male,2.3,80.4,4.9,,Yes,Yes,No,72.4,66.7,D,54,Average
900,Male,1.5,89.6,8.6,High School,Yes,No,No,51.3,68.8,D,70,Good
901,Male,0.7,92.8,6.4,High School,Yes,No,No,70.5,69.9,D,40,Fail
902,Female,4.3,82.5,6.5,Masters,Yes,Yes,No,52.9,80.7,B,92,Excellent
903,Female,1.8,79.0,6.0,Masters,Yes,Yes,No,75.5,73.3,C,93,Excellent
904,Male,0.5,99.2,6.5,,No,Yes,Yes,58.9,68.8,D,93,Excellent
905,Male,4.1,100.0,8.5,High School,Yes,No,No,64.6,90.8,A,42,Average
906,Female,7.2,94.8,3.8,Masters,Yes,Yes,No,73.5,100.0,A,55,Average
907,Female,3.5,85.9,8.3,Masters,Yes,Yes,No,60.7,85.0,B,62,Good
908,Male,4.8,76.9,7.2,High School,Yes,No,Yes,69.3,86.0,B,96,Excellent
909,Male,3.6,76.7,5.4,Bachelors,Yes,No,No,51.8,73.1,C,50,Average
910,Female,3.4,90.2,5.5,High School,Yes,No,Yes,77.6,87.6,B,51,Average
911,Male,4.9,89.2,8.8,High School,Yes,Yes,Yes,91.2,96.5,A,49,Average
912,Male,3.1,99.0,5.7,,Yes,Yes,No,100.0,100.0,A,71,Good
913,Male,3.9,91.5,5.4,Bachelors,No,Yes,No,71.1,82.1,B,55,Average
914,Female,4.0,70.0,8.2,Masters,Yes,Yes,No,79.5,80.3,B,47,Average
915,Female,2.5,95.5,7.2,,Yes,No,No,48.6,76.9,C,77,Excellent
916,Female,5.0,75.0,5.7,Bachelors,No,Yes,Yes,88.0,81.7,B,51,Average
917,Female,3.2,81.2,7.1,Masters,Yes,Yes,Yes,79.3,88.1,B,63,Good
918,Female,2.4,87.5,5.6,Bachelors,Yes,Yes,Yes,64.2,88.1,B,67,Good
919,Female,4.3,100.0,8.1,PhD,Yes,Yes,No,84.8,97.3,A,92,Excellent
920,Female,2.2,100.0,8.1,High School,Yes,No,Yes,66.9,83.4,B,47,Average
921,Male,3.5,91.1,7.4,,Yes,Yes,Yes,64.5,72.8,C,97,Excellent
922,Male,3.5,83.2,7.2,High School,Yes,Yes,No,75.7,90.5,A,67,Good
923,Male,5.1,90.3,8.9,High School,Yes,Yes,Yes,57.2,83.8,B,75,Good
924,Male,4.2,93.9,6.8,Masters,Yes,Yes,No,82.3,93.1,A,65,Good
925,Male,3.5,81.8,5.4,Bachelors,Yes,Yes,No,57.3,71.2,C,47,Average
926,Male,4.7,100.0,7.3,Bachelors,Yes,No,No,57.4,95.3,A,97,Excellent
927,Male,5.6,87.3,9.3,Bachelors,Yes,No,No,59.1,99.6,A,99,Excellent
928,Female,4.3,90.0,5.6,Masters,Yes,No,No,79.1,92.4,A,89,Excellent
929,Female,3.5,91.7,6.4,High School,Yes,No,Yes,62.6,75.4,C,67,Good
930,Male,1.5,89.2,7.3,High School,Yes,No,No,53.8,80.8,B,67,Good
931,Male,1.9,93.4,6.7,High School,Yes,No,No,62.7,72.9,C,76,Excellent
932,Female,3.0,78.8,5.6,Bachelors,Yes,Yes,Yes,69.6,63.7,D,80,Excellent
933,Male,2.6,79.4,8.1,High School,Yes,Yes,Yes,55.8,75.3,C,75,Good
934,Male,3.2,74.0,9.6,Bachelors,Yes,Yes,No,56.2,71.7,C,66,Good
935,Female,3.6,89.4,7.0,Bachelors,Yes,No,No,95.3,100.0,A,93,Excellent
936,Male,4.3,92.8,5.7,High School,Yes,No,No,59.7,83.3,B,56,Average
937,Female,3.4,89.6,4.9,Bachelors,Yes,No,No,66.1,85.6,B,48,Average
938,Male,4.2,100.0,7.1,PhD,No,Yes,Yes,65.6,93.1,A,72,Good
939,Female,3.6,84.9,8.1,High School,Yes,No,No,64.9,77.3,C,92,Excellent
940,Female,0.5,91.7,7.4,Bachelors,Yes,Yes,No,77.5,74.8,C,59,Average
941,Female,2.1,74.1,6.8,Masters,Yes,Yes,Yes,81.4,76.7,C,52,Average
942,Male,3.3,81.1,6.1,Bachelors,No,Yes,No,66.3,85.3,B,67,Good
943,Female,1.7,92.0,5.5,Masters,Yes,Yes,No,55.2,68.6,D,87,Excellent
944,Male,4.4,93.5,7.8,Bachelors,Yes,Yes,No,85.3,96.4,A,68,Good
945,Male,5.8,82.1,7.9,Bachelors,Yes,Yes,Yes,68.9,95.7,A,52,Average
946,Male,5.3,84.3,4.9,High School,Yes,Yes,No,90.8,96.1,A,85,Excellent
947,Male,3.2,69.8,8.7,Masters,Yes,No,No,43.1,70.4,C,74,Good
948,Female,5.7,81.4,7.5,Masters,Yes,No,No,72.3,85.8,B,100,Excellent
949,Female,3.7,93.9,8.5,High School,No,No,No,93.0,100.0,A,45,Average
950,Male,3.0,90.8,5.2,Bachelors,No,Yes,Yes,65.8,65.8,D,57,Average
951,Male,2.6,90.0,5.2,,No,No,No,67.3,72.4,C,90,Excellent
952,Female,3.0,85.5,6.6,Bachelors,Yes,No,No,73.5,83.6,B,44,Average
953,Male,2.9,85.1,7.4,Bachelors,Yes,Yes,Yes,63.3,89.5,B,86,Excellent
954,Female,3.8,78.4,9.0,,Yes,Yes,No,66.3,77.9,C,64,Good
955,Male,3.7,92.0,7.6,Masters,Yes,Yes,No,65.9,100.0,A,41,Average
956,Male,3.5,89.2,6.5,Bachelors,Yes,Yes,No,62.5,88.3,B,49,Average
957,Female,4.2,89.9,5.6,Masters,Yes,No,Yes,84.7,93.5,A,95,Excellent
958,Male,5.3,79.7,8.3,PhD,Yes,No,No,75.5,89.0,B,69,Good
959,Female,4.9,63.5,5.6,Bachelors,Yes,Yes,No,73.0,87.6,B,89,Excellent
960,Male,1.3,96.0,8.8,Bachelors,Yes,No,No,79.7,80.5,B,98,Excellent
961,Male,0.5,80.2,6.5,Bachelors,Yes,No,No,66.8,75.4,C,84,Excellent
962,Male,4.9,76.4,8.7,,Yes,No,No,60.7,80.7,B,44,Average
963,Female,1.4,91.9,7.6,Masters,Yes,Yes,Yes,62.8,73.0,C,94,Excellent
964,Male,3.2,81.1,6.6,High School,Yes,No,No,70.0,78.4,C,95,Excellent
965,Male,1.7,95.6,6.2,PhD,Yes,Yes,No,57.3,69.5,D,72,Good
966,Male,0.8,91.2,6.4,Bachelors,Yes,No,No,64.0,76.2,C,93,Excellent
967,Male,4.3,91.8,7.3,High School,Yes,Yes,Yes,63.8,90.0,A,40,Fail
968,Female,4.6,71.3,6.9,Bachelors,Yes,Yes,No,95.5,100.0,A,57,Average
969,Female,2.6,97.1,6.1,Bachelors,Yes,No,No,36.7,60.0,D,71,Good
970,Male,0.5,87.6,6.6,PhD,Yes,Yes,No,67.8,78.3,C,86,Excellent
971,Female,2.7,81.3,6.9,High School,Yes,Yes,Yes,90.7,100.0,A,88,Excellent
972,Male,4.1,86.4,4.2,Masters,No,Yes,Yes,71.5,75.6,C,50,Average
973,Male,1.3,67.2,7.3,Bachelors,Yes,No,No,79.0,84.1,B,60,Average
974,Male,3.8,89.1,5.6,High School,No,Yes,Yes,71.2,77.9,C,65,Good
975,Female,3.5,74.7,5.4,,Yes,No,No,62.0,67.9,D,64,Good
976,Female,4.4,71.5,4.8,Bachelors,Yes,Yes,Yes,43.1,67.0,D,61,Good
977,Female,3.7,69.8,4.6,High School,No,Yes,No,72.5,80.9,B,98,Excellent
978,Female,2.0,96.1,5.2,Bachelors,Yes,Yes,No,60.7,72.1,C,66,Good
979,Female,5.3,78.7,5.9,PhD,Yes,Yes,No,60.4,83.0,B,88,Excellent
980,Female,3.3,100.0,9.1,High School,Yes,Yes,No,64.0,93.9,A,52,Average
981,Female,3.5,79.6,6.2,High School,Yes,Yes,No,90.9,91.4,A,72,Good
982,Female,2.1,67.9,7.0,High School,No,No,Yes,98.9,79.7,C,73,Good
983,Female,2.8,73.8,7.3,High School,Yes,No,Yes,72.6,77.7,C,80,Excellent
984,Male,2.2,97.4,7.0,Masters,Yes,Yes,No,64.4,85.0,B,74,Good
985,Female,3.2,83.4,6.7,Bachelors,Yes,Yes,No,55.9,75.4,C,40,Fail
986,Female,6.1,79.5,5.4,High School,Yes,No,No,75.6,96.4,A,60,Average
987,Female,1.4,86.6,8.5,High School,Yes,Yes,No,91.4,81.8,B,87,Excellent
988,Female,1.1,90.0,9.0,High School,Yes,Yes,No,67.0,85.8,B,94,Excellent
989,Female,5.7,96.2,4.8,,Yes,No,No,41.5,80.9,B,45,Average
990,Female,3.2,99.5,5.6,High School,Yes,No,Yes,78.0,93.9,A,67,Good
991,Female,2.5,81.4,6.5,,Yes,No,No,81.8,81.9,B,56,Average
992,Female,5.1,71.7,5.6,Bachelors,Yes,Yes,No,51.0,80.4,B,44,Average
993,Female,2.6,80.9,7.4,High School,Yes,Yes,No,72.1,78.8,C,70,Good
994,Female,6.2,87.6,5.9,PhD,Yes,No,No,75.4,92.7,A,44,Average
995,Female,4.5,75.4,9.4,Bachelors,Yes,Yes,No,69.1,79.1,C,77,Excellent
996,Male,2.8,75.4,8.2,Masters,Yes,Yes,No,60.5,70.7,C,42,Average
997,Male,6.7,88.4,7.1,,No,Yes,No,82.2,99.5,A,92,Excellent
998,Female,2.6,84.5,8.0,High School,Yes,Yes,Yes,65.2,79.2,C,62,Good
999,Female,4.6,85.3,8.1,High School,No,No,Yes,52.2,82.2,B,76,Excellent
1000,Male,3.9,77.4,6.1,Masters,Yes,No,No,45.4,70.4,C,92,Excellent
